ID,NOMBRE,PROG,CARGOS,PAGADO,SALDO,SALDO VENCIDO,NCV
1,Nombre1,LIC-EJDE-17,11374,3581.7,7792.3,2831.7,3
2,Nombre2,MAE-MERD-15,15136,7568,7568,0,0
3,Nombre3,LIC-EJAD-12,9426,4730,4696,0.5,1
4,Nombre4,LIC-EJDE-17,8687,5143.25,3543.75,0,0
5,Nombre5,MAE-MADN-15,21333.51,13419.51,7914,0,0
6,Nombre6,LIC-EJAD-17,8940.1,5026.4,3913.7,935.9,2
7,Nombre7,LIC-EJDE-17,9736,5672.8,4063.2,0,0
8,Nombre8,LIC-EJCO-17,9100.82,4868.82,6844.56,2612.56,5
9,Nombre9,MAE-MERD-15,15300,9563,5737,0,0
10,Nombre10,LIC-EJAD-17,8801.1,3206.1,5595,2052.2,3
11,Nombre11,MAE-EDUC-15,12097.43,12614.43,-587.51,-587.51,1
12,Nombre12,MAE-MADN-15,15245.74,11461.74,3784,0,0
13,Nombre13,LIC-MEES-15,17753.65,9325.65,13120.65,4692.65,6
14,Nombre14,LIC-EJDE-17,8508,4254.8,4253.2,0.1,1
15,Nombre15,LIC-EJME-12,11291.17,7913.47,3377.7,458.7,2
16,Nombre16,LIC-EJDE-17,9086.3,2443,6643.3,2357.3,3
17,Nombre17,MAE-MERD-15,10235.31,5191.31,5044,0,0
18,Nombre18,LIC-EJDE-17,8336,4168,4168,0,0
19,Nombre19,MAE-MADN-15,15300,14954.02,0,0,0
20,Nombre20,LIC-CTCO-10,2800,2800,0,0,0
21,Nombre21,MAE-MADN-15,15136,7568,7568,0,0
22,Nombre22,MAE-JUIC-15,6168,6030.02,0,0,0
23,Nombre23,MAE-MADN-15,15607.1,9660,5947.1,209.6,2
24,Nombre24,LIC-DIGD-10,17730,9367.5,8362.5,750,1
25,Nombre25,LIC-FICO-10,8634,5398.93,3235.07,0,0
26,Nombre26,LIC-EJDE-17,8720.7,2127.2,6593.5,2339.5,3
27,Nombre27,LIC-ADME-15,18225.48,17581.23,0.77,0.48,1
28,Nombre28,MAE-MADN-15,15136,19106,7568,0,0
29,Nombre29,LIC-EJDE-12,8932.3,4498.37,4433.93,0,0
30,Nombre30,M03-EDUC-15,10089,5045,5044,0,0
31,Nombre31,LIC-SIIN-10C,26795,23363,3432,0.48,1
32,Nombre32,LIC-SIIN-10C,17767.13,4467.65,13299.48,4719.48,3
33,Nombre33,MAE-MERD-15,15588,14823,306,0,0
34,Nombre34,LIC-EJDE-12,10762.9,2517.6,8245.3,2925.3,2
35,Nombre35,LIC-DERE-18,13979.78,9702.78,4277,0,0
36,Nombre36,LIC-CTCO-15,14303.9,3798,10505.9,3727.9,3
37,Nombre37,LIC-DAEM-11,6111,3056,3055.5,0,0
38,Nombre38,LIC-FICO-10,9324.6,4005,5319.6,1887.6,3
39,Nombre39,LIC-EJCO-17,9732.52,4968.52,4764,0.5,1
40,Nombre40,LIC-EJDE-12,8126.5,7951.59,0,0,0
41,Nombre41,LIC-EJDE-17,9156,5387.6,3768.4,0,0
42,Nombre42,LIC-PSIO-15,16965,16965.9,0,0,0
43,Nombre43,LIC-DAEM-15,16965,8687,8278,0.34,1
44,Nombre44,LIC-COFI-15,17116,16507.48,0,0,0
45,Nombre45,LIC-PSIO-15,16965,8343.9,8621.1,750,1
46,Nombre46,LIC-ITIC-15,13965,7187,6778,0.34,1
47,Nombre47,LIC-ADTU-10,19367,9357,10010,0,0
48,Nombre48,LIC-COFI-15,16965,8687,8278,0.34,1
49,Nombre49,LIC-DAEM-15,16965,14893.65,1500,0,0
50,Nombre50,LIC-EJME-17,12528,4764,7764,0.5,1
51,Nombre51,LIC-EJAD-17,12528.1,7896.3,4631.8,0.6,2
52,Nombre52,LIC-DERE-15,16965,7937.4,9027.6,750.34,2
53,Nombre53,LIC-COFI-15,17603.9,4848,12755.9,4477.9,4
54,Nombre54,LIC-EJDE-17,9528,4764,4764,0.5,1
55,Nombre55,LIC-ADME-15,17238.67,8210.67,9028,750.34,2
56,Nombre56,LIC-EJCO-17,9766.2,2382,7384.2,2620.2,3
57,Nombre57,LIC-COFI-15,21033,10044,10989,0.34,1
58,Nombre58,LIC-DERE-15,16965,8687,8278,0.34,1
59,Nombre59,LIC-ADME-15,17352.3,14492.66,2250.34,750.34,2
60,Nombre60,LIC-CTCO-15,17303.9,4548,12755.9,4477.9,4
61,Nombre61,LIC-EJDE-17,12528,6264.01,6263.99,0,0
62,Nombre62,LIC-EJCO-17,9816,8974.81,476.82,0,0
63,Nombre63,LIC-EJDE-17,12528,4764,7764,0.5,1
64,Nombre64,LIC-EJCO-17,12528,6264,6264,0.5,1
65,Nombre65,LIC-EJME-17,12528,7931.51,4596.49,0,0
66,Nombre66,LIC-EJCO-17,13956,6740,7216,0.5,1
67,Nombre67,LIC-EJDE-17,9766.1,2382.2,7383.9,2619.9,3
68,Nombre68,LIC-EJDE-17,8602,6134.41,2467.59,0,0
69,Nombre69,LIC-EJDE-17,12962,5570,7392,0.18,1
70,Nombre70,LIC-EJDE-17,13219.1,2249.22,10969.88,4327.88,4
71,Nombre71,LIC-EJME-17,11729.84,6286.72,5443.12,0,0
72,Nombre72,LIC-EJAD-17,11786.3,2143,9643.3,3857.3,5
73,Nombre73,LIC-DERE-15,17275,8847,8428,0,0
74,Nombre74,LIC-EJDE-17,8693,2957.04,5735.96,2034.98,2
75,Nombre75,LIC-EJCO-17,8631.36,4377.36,4254,0,0
76,Nombre76,LIC-EDFI-18,14044,8795.5,5248.5,0,0
77,Nombre77,LIC-COFI-18,13594,6996.49,6597.51,0,0
78,Nombre78,LIC-EJME-17,9723.6,3287.8,6435.8,2283.2,2
79,Nombre79,LIC-COFI-18,13594,6996,6598,0.11,1
80,Nombre80,LIC-ADME-18,,3697,0,,
81,Nombre81,LIC-DERE-18,14031.11,3804.1,10227.01,3629.01,3
82,Nombre82,MAE-MERD-15,10162.17,2596.17,7566,2522,1
83,Nombre83,LIC-ADME-18,13870,3697,8556,3036,3
84,Nombre84,LIC-DERE-18,14044,13001.01,450.11,150.11,2
85,Nombre85,LIC-DERE-18,13594,6996,6598,0.11,1
86,Nombre86,LIC-DSGD-18,14661.9,3245.99,11415.91,4517.91,4
87,Nombre87,LIC-COFI-18,13923.9,3697,10226.9,3628.9,3
88,Nombre88,LIC-EJDE-17,9444.9,2676.68,6768.22,2431.06,3
89,Nombre89,LIC-EJDE-17,0,0,0,0,0
90,Nombre90,LIC-COFI-18,13923.9,3697.2,10226.7,3628.7,3
91,Nombre91,LIC-ADME-18,14211.9,3985,10226.9,3628.9,3
92,Nombre92,LIC-CTCO-18,13882,7284,6598,0.11,1
93,Nombre93,LIC-ADME-18,14044,7146,6898,0.11,1
94,Nombre94,LIC-DSGD-18,13882,13289.01,0.11,0.11,1
95,Nombre95,LIC-EJDE-17,9516,5409.73,4106.27,0,0
96,Nombre96,LIC-DSGD-18,14061,8122.2,5938.8,1320.2,2
97,Nombre97,LIC-DERE-18,14044,7146,6898,0.11,1
98,Nombre98,LIC-EJAD-17,9516,6748.34,2767.66,0,0
99,Nombre99,LIC-EDFI-18,14044,7146,6898,0.11,1
100,Nombre100,LIC-MEES-18,13796.89,7198.89,6598,0.11,1
101,Nombre101,LIC-EJAD-17,9700.5,3979.6,5720.9,2029.7,2
102,Nombre102,LIC-EJAD-17,1140.91,4837.8,0,0,0
103,Nombre103,LIC-EJDE-17,9872.28,7103.88,2768.4,0,0
104,Nombre104,LIC-EJAD-17,11123.5,4141.73,6981.77,2551.37,3
105,Nombre105,LIC-ADME-18,14044,13000.99,450.11,150.11,2
106,Nombre106,LIC-EJCO-17,9228,4614,4614,0,0
107,Nombre107,MAE-MERD-15,15136,7568,7568,0,0
108,Nombre108,LIC-EJME-17,9458.6,2307.6,7151,2537,2
109,Nombre109,LIC-EJAD-17,13752.1,2308,11444.1,4060.1,2
110,Nombre110,LIC-EJAD-17,9444.9,2607.68,6837.22,2500.06,3
111,Nombre111,LIC-EJCO-17,9458.6,2308,7150.6,2536.6,2
112,Nombre112,LIC-SYSC-18,16396.69,10554.09,5842.6,0,0
113,Nombre113,MAE-MADN-15,0,0,0,0,0
114,Nombre114,LIC-COFI-18,13791,7097,6694,0.07,1
115,Nombre115,LIC-EJAD-17,10163,8864.11,998.73,0,0
116,Nombre116,LIC-COFI-18,14529,7535.15,6993.85,0,0
117,Nombre117,LIC-EJAD-17,8624,4456,4168,0,0
118,Nombre118,LIC-EJDE-17,11126,6165.44,4960.56,0,0
119,Nombre119,LIC-EJDE-17,8403.4,3536,4867.4,697.4,2
120,Nombre120,LIC-EJCO-17,8336,4793.4,3542.6,0,0
121,Nombre121,LIC-MEES-18,14670.54,13528.66,690.06,0,0
122,Nombre122,LIC-EJAD-17,8336,7098.48,1237.52,0,0
123,Nombre123,LIC-EJDE-17,8665,2328.2,6336.8,2316.4,3
124,Nombre124,LIC-EJDE-17,8464,5079.01,3384.99,0,0
125,Nombre125,MAE-MADN-15,21418.4,13214.3,8204.1,290.1,2
126,Nombre126,LIC-EJCO-17,8464,8160.01,0,0,0
127,Nombre127,LIC-EJCO-17,8752,5366.8,3385.2,0,0
128,Nombre128,LIC-EJAD-17,9351.7,3753.4,5598.3,1789.5,2
129,Nombre129,MAE-EDUC-15,12140.4,10377.6,1762.8,0,0
130,Nombre130,LIC-DSGD-18,13840,13425.59,0,0,0
131,Nombre131,LIC-DSGD-18,13840,9234.6,4605.4,0,0
132,Nombre132,LIC-DERE-18,14578,8356.18,6221.82,0,0
133,Nombre133,LIC-COFI-18,14394.28,8801.28,5593,0,0
134,Nombre134,LIC-DAEM-15,13840,8576.4,5263.6,0,0
135,Nombre135,LIC-ADME-18,14290,13757.2,0,0,0
136,Nombre136,LIC-DSGD-18,13840,8576.4,5263.6,0,0
137,Nombre137,LIC-DSGD-18,14290,8726.16,5563.84,0,0
138,Nombre138,LIC-EJAD-17,8379,5176.2,3202.8,0,0
139,Nombre139,MAE-MADN-15,15300,14565.6,734.4,0,0
140,Nombre140,LIC-MEES-18,13840,8576.16,5263.84,0,0
141,Nombre141,LIC-MEES-18,6277.7,6633.2,-355.5,2.5,4
142,Nombre142,MAE-DEMP-10,15606,6120,9486,3366,2
143,Nombre143,LIC-EJDE-17,9794.3,3518.26,6276.04,2256.64,3
144,Nombre144,LIC-DERE-18,14290,8068.2,6221.8,0,0
145,Nombre145,LIC-DERE-18,564,564,0,0,0
146,Nombre146,LIC-EJDE-17,923,923,0,0,0
147,Nombre147,LIC-EJCO-17,9636.83,6171.83,3465,0,0
148,Nombre148,LIC-DERE-18,14290,8397.56,5892.44,0,0
149,Nombre149,LIC-ADTU-10,14287,8246.8,6040.2,150,1
150,Nombre150,LIC-EJAD-17,9591.63,5433.63,4158,0,0
151,Nombre151,MAE-EDUC-15,11815.89,7408.89,4407,0,0
152,Nombre152,LIC-DERE-18,14290,8397.17,5892.83,0,0
153,Nombre153,LIC-EJCO-17,9528,5601.01,3926.99,0,0
154,Nombre154,LIC-EDFI-18,14290,8265.76,6024.24,0,0
155,Nombre155,LIC-COFI-18,14578,10988.1,3589.9,0,0
156,Nombre156,MAE-EDUC-15,11752,8814,2938,0,0
157,Nombre157,LIC-EJCO-17,9586.6,6122.33,3464.27,0,0
158,Nombre158,LIC-EJCO-17,10341.7,5901,4440.7,975.7,2
159,Nombre159,LIC-EJDE-17,10914,7588.41,3325.59,0,0
160,Nombre160,MAE-JUIC-15,20463.7,14663,5800.7,700.7,2
161,Nombre161,MAE-JUIC-15,15588,11380.5,4207.5,0,0
162,Nombre162,LIC-EJAD-17,9528,7218.65,2309.35,0,0
163,Nombre163,LIC-MEES-18,288,1209,0,0,0
164,Nombre164,LIC-EJCO-17,9837.79,2396.19,7441.6,3005.6,3
165,Nombre165,LIC-DERE-18,13840,10550.1,3289.9,0,0
166,Nombre166,LIC-EJAD-17,9899.04,7589.04,2310,0,0
167,Nombre167,LIC-EJDE-17,9631.9,6409.65,3222.25,1143.25,2
168,Nombre168,LIC-COFI-18,14290,10371.5,3918.5,0,0
169,Nombre169,MAE-EDUC-15,12040,11721.98,0.76,0,0
170,Nombre170,LIC-EJDE-17,9568.17,6796.17,2772,0,0
171,Nombre171,MAE-EDUC-15,11752,8814,2938,0,0
172,Nombre172,LIC-EJAD-17,9528,6987.68,2540.32,0,0
173,Nombre173,LIC-ADME-18,13840,9234.78,4605.22,0,0
174,Nombre174,LIC-EJAD-17,9528,6756.18,2771.82,0,0
175,Nombre175,MAE-MADN-15,20610.54,15000.54,5610,0,0
176,Nombre176,LIC-MEES-18,14287,9892.8,4394.2,150,1
177,Nombre177,MAE-MADN-15,15491.3,9562.5,5928.8,2103.8,2
178,Nombre178,LIC-EJAD-17,9575.77,6572.95,3002.82,0,0
179,Nombre179,LIC-EJAD-17,9629.22,6395.22,3234,0,0
180,Nombre180,LIC-DERE-18,11806,8271.2,3534.8,0,0
181,Nombre181,LIC-EJDE-17,,2086,0,,
182,Nombre182,LIC-EJDE-17,8394.39,4641.39,3753,0,0
183,Nombre183,MAE-JUIC-15,,4020,0,,
184,Nombre184,LIC-EJDE-17,,2086,0,,
185,Nombre185,MAE-MADN-15,25748,19316,6432,0,0
186,Nombre186,LIC-EJAD-17,8679.37,5134.87,3544.5,0,0
187,Nombre187,LIC-SYSC-18,403.71,6867.81,-5784.1,-3762.1,3
188,Nombre188,LIC-EJAD-17,8394.39,4641.39,3753,0,0
189,Nombre189,MAE-EDUC-15,19680.7,11459.5,8221.2,2917.2,2
190,Nombre190,LIC-EJAD-17,8412.38,5284.88,3127.5,0,0
191,Nombre191,LIC-EJCO-17,8517.1,3024.25,5492.85,1948.35,2
192,Nombre192,MAE-EDUC-15,19660.3,12071.5,7588.8,2692.8,2
193,Nombre193,LIC-DSGD-18,14109.1,7318.5,6790.6,2409.6,2
194,Nombre194,LIC-EJAD-17,8340,4796.25,3543.75,0,0
195,Nombre195,LIC-EJAD-17,8546.47,4021.97,4524.5,1605.5,2
196,Nombre196,MAE-DEMP-10,25783.95,16645.15,9138.8,3242.8,2
197,Nombre197,LIC-DERE-18,15912,10655.2,5256.8,0,0
198,Nombre198,LIC-COFI-18,14163.46,7895.26,6268.2,2224.2,2
199,Nombre199,MAE-MADN-15,25783.95,13697.15,12086.8,6190.8,3
200,Nombre200,LIC-EJDE-17,6745.75,2791.7,3954.05,1402.35,2
201,Nombre201,MAE-MADN-15,17234.75,4049.15,13185.6,6753.6,3
202,Nombre202,MAE-EDUC-15,15245.74,3893.74,11352,3784,1
203,Nombre203,MAE-JUIC-15,25728,16884,8844,2948,2
204,Nombre204,MAE-JUIC-15,15766.5,9723,6043.5,1963.5,2
205,Nombre205,LIC-EJME-17,9070.4,5234,3836.4,917.4,2
206,Nombre206,LIC-EJDE-17,8400.47,5606.67,2793.8,0,0
207,Nombre207,MAE-MERD-15,15588,10080,5508,0,0
208,Nombre208,LIC-EJDE-17,12618.83,5604.83,7014,750.5,2
209,Nombre209,LIC-EJAD-12,7164.6,2217.2,4947.4,1755.4,2
210,Nombre210,MAE-EDUC-15,19660.3,12071.5,7588.8,2692.8,2
211,Nombre211,LIC-EJAD-12,300,2517.6,0,0,0
212,Nombre212,MAE-JUIC-15,15136,3784,11352,3784,1
213,Nombre213,LIC-EJDE-17,11361,5405,5956,0.1,1
214,Nombre214,LIC-EJAD-12,8868,4434.87,4433.13,0,0
215,Nombre215,MAE-MERD-15,15355.48,7787.48,7568,0,0
216,Nombre216,LIC-EJDE-17,11354.83,5816.83,8671.98,3133.98,4
217,Nombre217,LIC-SIIN-10C,12285,8021.1,4263.9,660.3,2
218,Nombre218,LIC-EJAD-12,8092.5,8092.5,0,0,0
219,Nombre219,LIC-EJDE-12,3813,2749,1064,0,0
220,Nombre220,LIC-DIGD-10,500,500,0,0,0
221,Nombre221,LIC-DSGD-18,11578,7893.4,3684.6,0,0
222,Nombre222,MAE-DEMP-10,25460,20100,5360,0,0
223,Nombre223,LIC-EJAD-17,11487.9,3242.6,8245.3,2925.3,2
224,Nombre224,LIC-EJAD-12,300,2518,0,0,0
225,Nombre225,LIC-FICO-10,0,0,0,0,0
226,Nombre226,LIC-DAEM-11,738,738,0,0,0
227,Nombre227,LIC-EJAD-12,9389.6,2518,6871.6,2437.6,2
228,Nombre228,L03-DERE-13,106,106,0,0,0
229,Nombre229,LIC-EJCO-17,8415.2,1079.7,7335.5,3271.5,3
230,Nombre230,LIC-SIIN-10C,106,106,0,0,0
231,Nombre231,LIC-EJAD-12,7375,7375.6,0,0,0
232,Nombre232,LIC-EJDE-12,6743,6743,0,0,0
233,Nombre233,LIC-EJDE-15,11621.6,2850.6,8771,3071,3
234,Nombre234,LIC-EJDE-15,10988.6,2218,8770.4,3070.4,3
235,Nombre235,LIC-EJDE-17,300,2682,0,0,0
236,Nombre236,LIC-DAEM-15,16965,9093.9,7871.1,0,0
237,Nombre237,LIC-PSIO-15,16965,7186.66,9778.34,1500.34,3
238,Nombre238,LIC-EJCO-17,407.47,2492.47,0,0,0
239,Nombre239,LIC-DAEM-15,16965,14215.69,2250,750,1
240,Nombre240,LIC-EJDE-17,12828,6564,6264,0.5,1
241,Nombre241,LIC-EJCO-17,11097.09,6333.09,4764,0.5,1
242,Nombre242,LIC-DSGD-15,20276.33,4216.49,16059.84,5669.84,4
243,Nombre243,LIC-EJAD-17,12857.02,3222.32,9634.7,3370.7,4
244,Nombre244,LIC-EJCO-17,13956,5240,8716,0.5,1
245,Nombre245,LIC-EJAD-17,13104,7996.22,5107.78,750,1
246,Nombre246,LIC-EJDE-17,12766.2,3132,9634.2,3370.2,4
247,Nombre247,LIC-EJME-17,9528,4765,4763,0.5,1
248,Nombre248,LIC-EJAD-17,9828,9398,1.33,0.5,1
249,Nombre249,LIC-EJDE-17,9766.2,2381.8,7384.4,2620.4,3
250,Nombre250,LIC-COFI-15,13965,7187,6778,0.34,1
251,Nombre251,LIC-EJCO-17,12857.02,3222.32,9634.7,3370.7,4
252,Nombre252,LIC-ADME-15,16965,13356.03,3000,0,0
253,Nombre253,MAE-EDUC-15,24024.5,7568,16456.5,6398.5,4
254,Nombre254,LIC-EJDE-17,12528,6264,6264,0.5,1
255,Nombre255,LIC-EJAD-17,14437.39,6471.39,7965.5,750.5,2
256,Nombre256,LIC-EDFI-18,14253,9508.62,4744.38,0,0
257,Nombre257,LIC-DSGD-15,17275,16650,1.57,0.47,1
258,Nombre258,LIC-DERE-15,19766.6,4633,15133.6,5321.6,4
259,Nombre259,LIC-EJDE-17,11572,7072.6,4499.4,0,0
260,Nombre260,LIC-EJCO-17,9992.72,4850.72,5142,0.18,1
261,Nombre261,LIC-DSGD-15,14621.4,4182.53,10738.87,3810.87,3
262,Nombre262,LIC-EJAD-17,14143,5143.2,8999.8,0.18,1
263,Nombre263,LIC-PSIO-15,14575,7647,6928,0.47,1
264,Nombre264,LIC-EJAD-17,8508,5956.22,2551.78,0,0
265,Nombre265,LIC-EJCO-17,8508,4254,4254,0,0
266,Nombre266,LIC-EJDE-17,9057.14,1718.93,7338.21,3084.21,3
267,Nombre267,LIC-DAEM-15,13882,7944.64,5937.36,0,0
268,Nombre268,LIC-DERE-18,14332,7434,6898,0.11,1
269,Nombre269,LIC-DERE-18,13882,8274.1,5607.9,0,0
270,Nombre270,LIC-CTCO-18,13594,6996,6598,0.11,1
271,Nombre271,LIC-DSGD-18,14483.38,7885.38,6598,0.11,1
272,Nombre272,LIC-CTCO-18,13594,6996,6598,0.11,1
273,Nombre273,MAE-JUIC-15,15136,7568,7568,0,0
274,Nombre274,LIC-CTCO-18,14044,7146,6898,0.11,1
275,Nombre275,LIC-MEES-18,13882,8208.16,5673.84,0,0
276,Nombre276,LIC-SYSC-18,13923.9,3697.49,10226.41,3628.41,2
277,Nombre277,LIC-DERE-18,13594,7656.4,5937.6,0,0
278,Nombre278,LIC-MEES-18,13897.5,4415.52,9481.98,3411.82,3
279,Nombre279,LIC-MEES-18,13594,13149.51,0,0,0
280,Nombre280,LIC-SYSC-18,13594,12351.14,678.71,0,0
281,Nombre281,LIC-COFI-18,13689.68,7091.68,6598,0.11,1
282,Nombre282,LIC-EDFI-18,14031.11,3804.1,10227.01,3629.01,3
283,Nombre283,LIC-COFI-18,13594,6996,6598,0,0
284,Nombre284,LIC-DSGD-18,14373.9,3402,10971.9,4073.9,4
285,Nombre285,LIC-MEES-18,13690.49,7753.09,5937.4,0,0
286,Nombre286,LIC-CTCO-18,14190.37,9271.77,4918.6,0,0
287,Nombre287,LIC-EJDE-17,9351.11,5106.23,4244.88,0,0
288,Nombre288,LIC-COFI-18,14073,7175.89,6897.11,0.11,1
289,Nombre289,LIC-EJDE-17,9650.13,5312.97,4337.16,0,0
290,Nombre290,LIC-DSGD-18,14265.68,7667.68,6598,0.11,1
291,Nombre291,LIC-EJAD-17,9228,4614.24,4613.76,0,0
292,Nombre292,LIC-ADME-18,14129.4,6274.5,7854.9,2906.4,3
293,Nombre293,LIC-ADME-18,14229,10270.6,3958.4,0,0
294,Nombre294,LIC-DERE-18,14044,9456.22,4587.78,0,0
295,Nombre295,LIC-EJAD-17,9228,4614,4614,0,0
296,Nombre296,LIC-EJDE-17,9065,4895,4170,0,0
297,Nombre297,LIC-EJAD-17,9804,9556.34,0,0,0
298,Nombre298,LIC-COFI-18,14176.2,6913.9,7262.3,2576.5,2
299,Nombre299,MAE-MERD-15,15136,7568,7568,0,0
300,Nombre300,LIC-COFI-18,13880.9,4985.22,8895.68,3155.42,2
301,Nombre301,LIC-EJDE-17,9228,5128.08,4106.03,0,0
302,Nombre302,LIC-COFI-18,14044,7146,6898,0,0
303,Nombre303,LIC-EJME-17,9228,4614,4614,0,0
304,Nombre304,LIC-SYSC-18,16894,10295.5,6598.5,0,0
305,Nombre305,LIC-COFI-18,11619,6569,5050,0,0
306,Nombre306,LIC-DERE-18,13594,6996,6598,0.11,1
307,Nombre307,LIC-COFI-18,13923.9,2588,11335.9,4737.9,3
308,Nombre308,MAE-MADN-15,0,0,0,0,0
309,Nombre309,LIC-DERE-18,14661.9,3431,11230.9,4332.9,4
310,Nombre310,LIC-COFI-18,14044,7146,6898,0.11,1
311,Nombre311,LIC-DERE-18,14332,8753.8,5578.2,0,0
312,Nombre312,LIC-EJAD-17,9742.01,4528.45,5213.56,1522.36,2
313,Nombre313,LIC-EJDE-17,9228,4614,4614,0,0
314,Nombre314,LIC-COFI-18,13791,9105.3,4685.7,0,0
315,Nombre315,LIC-EJAD-17,8624,5290.2,3333.8,0,0
316,Nombre316,LIC-EDFI-18,14529,8473.1,6055.9,0,0
317,Nombre317,LIC-ADME-18,14701.7,4326,10375.7,3681.7,3
318,Nombre318,LIC-ADME-18,14185,10169.52,4015.48,0,0
319,Nombre319,LIC-COFI-18,10980,6160,4820,0.07,1
320,Nombre320,LIC-EJCO-17,9188,6270.8,2917.2,0,0
321,Nombre321,LIC-EJDE-17,8624,5498,3126,0,0
322,Nombre322,LIC-DERE-18,14241,7247,6994,0,0
323,Nombre323,LIC-EJDE-17,10838,10312.88,0,0,0
324,Nombre324,LIC-EJAD-17,8624,8324.21,0,0,0
325,Nombre325,LIC-DSGD-18,14162.07,8806.87,5355.2,0,0
326,Nombre326,LIC-EJDE-17,8975.6,2311.01,6664.59,2432.59,3
327,Nombre327,LIC-EJDE-17,8568.32,4971.12,3597.2,0,0
328,Nombre328,LIC-EJAD-17,8464,4782.33,3681.67,0,0
329,Nombre329,LIC-EJDE-17,9528,9196.01,0,0,0
330,Nombre330,LIC-DAEM-15,14136.1,4773.2,9362.9,3440.9,3
331,Nombre331,LIC-ADME-18,14578,14160.61,300,0,0
332,Nombre332,LIC-DAEM-15,13840,13722.05,0,0,0
333,Nombre333,LIC-DSGD-18,14578,8685.17,5892.83,0,0
334,Nombre334,LIC-DSGD-18,14963.29,5844.36,9118.93,3225.93,3
335,Nombre335,LIC-EJAD-17,9528,5278.2,4249.8,0,0
336,Nombre336,LIC-DSGD-18,14128,8864.4,5263.6,0,0
337,Nombre337,LIC-MEES-18,14290,9055.15,5234.85,0,0
338,Nombre338,LIC-ADTU-10,13840,7918.57,5921.43,0,0
339,Nombre339,LIC-ADME-18,14290,9055,5235,0,0
340,Nombre340,LIC-COFI-18,14578,8356.21,6221.79,0,0
341,Nombre341,LIC-ADME-18,14578,13624.42,450.29,150,1
342,Nombre342,LIC-COFI-18,14290,13336.81,450,150,1
343,Nombre343,LIC-DERE-18,14209.09,8616.09,5593,0,0
344,Nombre344,LIC-CTCO-18,14290,10042.12,4247.88,0,0
345,Nombre345,LIC-CTCO-18,14396,8503.05,5892.95,0,0
346,Nombre346,LIC-DERE-18,14290,8397.56,5892.44,0,0
347,Nombre347,LIC-EJDE-17,9794.3,3518.26,6276.04,2256.64,3
348,Nombre348,LIC-COFI-18,14290,8726.16,5563.84,0,0
349,Nombre349,LIC-EJDE-17,9528,8026.5,1501.5,0,0
350,Nombre350,LIC-EJAD-17,9470.9,2311,7159.9,2539.9,2
351,Nombre351,LIC-EJDE-17,9528,5832,3696,0,0
352,Nombre352,LIC-CTCO-18,14565,8972.8,5592.2,0,0
353,Nombre353,MAE-JUIC-15,15355.46,11530.96,3824.5,0,0
354,Nombre354,LIC-COFI-18,14841.2,6232.4,8608.8,3044.8,3
355,Nombre355,LIC-DERE-18,14290,9384.5,4905.5,0,0
356,Nombre356,LIC-EJDE-17,790,3055,0,0,0
357,Nombre357,LIC-CTCO-18,14290,8068.57,6221.43,0,0
358,Nombre358,LIC-EJCO-17,9953.29,5795.29,4158,0,0
359,Nombre359,LIC-EJCO-17,9528,5601.76,3926.24,0,0
360,Nombre360,LIC-EJCO-17,9650.23,5723.23,3927,0,0
361,Nombre361,LIC-ADME-18,13840,8905.15,4934.85,0,0
362,Nombre362,MAE-EDUC-15,11752,8226.8,3525.2,0,0
363,Nombre363,LIC-EJCO-17,9528,9279.23,0,0,0
364,Nombre364,LIC-EJCO-17,,2086,0,,
365,Nombre365,MAE-MADN-15,15786.9,9545,6241.9,2263.9,3
366,Nombre366,LIC-EDFI-18,14290,9713.2,4576.8,0,0
367,Nombre367,LIC-EJCO-17,9712.8,3869.01,5843.79,2147.79,3
368,Nombre368,LIC-DERE-18,14536.8,6254,8282.8,3047.8,4
369,Nombre369,LIC-EJDE-17,9655.36,6883.36,2772,0,0
370,Nombre370,MAE-EDUC-15,12040,8221.2,3818.8,0,0
371,Nombre371,MAE-EDUC-15,12040,8221.2,3818.8,0,0
372,Nombre372,LIC-EJAD-17,10106.4,3304,6802.4,2413.4,2
373,Nombre373,LIC-EJDE-17,9943.1,5890,4053.1,1512.1,3
374,Nombre374,LIC-SYSC-18,14578,14252.7,0,0,0
375,Nombre375,LIC-EJAD-17,9528,6525.46,3002.54,0,0
376,Nombre376,LIC-EJDE-17,9729,3453.21,6275.79,2256.39,3
377,Nombre377,LIC-EJCO-17,9763.51,4993.49,4770.02,1767.02,3
378,Nombre378,LIC-EJDE-17,10253,6788,3465,0,0
379,Nombre379,MAE-DEMP-10,15300,14191.49,764.26,0,0
380,Nombre380,MAE-EDUC-15,16210.6,7535,8675.6,3583.5,3
381,Nombre381,LIC-ADME-18,13890,8498,5392,0,0
382,Nombre382,LIC-EJAD-17,8340,4796.25,3543.75,0,0
383,Nombre383,LIC-SYSC-18,14340,8648,5692,0,0
384,Nombre384,LIC-ADME-18,14340,16261.5,0,0,0
385,Nombre385,LIC-EJCO-17,8340,4587.5,3752.5,0,0
386,Nombre386,LIC-MEES-18,13909.99,7843.99,6066,0,0
387,Nombre387,LIC-EJDE-17,8496.3,3649.75,4846.55,1719.05,2
388,Nombre388,MAE-JUIC-15,26069.6,15296,10773.6,4341.6,3
389,Nombre389,LIC-EJDE-17,8400.47,5690.72,2709.75,0,0
390,Nombre390,LIC-EDFI-18,-101.1,6813,-6914.1,-4892.1,3
391,Nombre391,LIC-SYSC-18,14427.7,10083.7,4344,0,0
392,Nombre392,LIC-MEES-18,14542.2,7824,6718.2,2374.2,3
393,Nombre393,LIC-EJAD-17,8496.3,3649.75,4846.55,1719.05,2
394,Nombre394,LIC-DERE-18,14125.9,6813,7312.9,2594.9,2
395,Nombre395,MAE-EDUC-15,19668,14772,4896,0,0
396,Nombre396,LIC-EDFI-18,12056.7,6206.4,5850.3,2075.9,2
397,Nombre397,LIC-EJAD-17,-1.15,3054.5,-3055.65,-2430.15,3
398,Nombre398,LIC-EJCO-17,8442.8,5523.8,2919,0,0
399,Nombre399,LIC-EJDE-17,8261.1,2986.9,5274.2,1870.8,2
400,Nombre400,LIC-DERE-18,14163.91,7373.31,6790.6,2409.6,2
401,Nombre401,LIC-EJDE-17,9420.3,2961,6459.3,2291.3,2
402,Nombre402,LIC-EJDE-17,9601.74,6371.94,3229.8,0,0
403,Nombre403,LIC-EJCO-17,9603.68,2442.98,7160.7,2540.7,2
404,Nombre404,LIC-ADEM-10,8610.8,4337,4273.8,1515.8,2
405,Nombre405,MAE-EDUC-15,10089,10089,0,0,0
406,Nombre406,LIC-FICO-10,11482,6518,4964,0,0
407,Nombre407,LIC-EJAD-17,12528,6264,6264,0.5,1
408,Nombre408,LIC-EJAD-17,9492.14,2340.68,7151.46,2537.46,2
409,Nombre409,LIC-CTCO-10B,6614.8,4385,2229.8,789.8,2
410,Nombre410,LIC-MEES-15,17435.78,4679.54,12756.24,4478.24,4
411,Nombre411,MAE-MERD-15,4762.03,15401.63,-10639.6,-6887.6,4
412,Nombre412,LIC-EJCO-17,8572,4286,4286,0.18,1
413,Nombre413,LIC-EJAD-12,9593.6,2722,6871.6,2437.6,2
414,Nombre414,LIC-EJAD-17,8624,5290.2,3333.8,0,0
415,Nombre415,LIC-DERE-15,16965,8687,8278,0.34,1
416,Nombre416,LIC-EJAD-12,5535,2433,3102,1100,2
417,Nombre417,LIC-EJDE-17,9470.9,2311,7159.9,2539.9,2
418,Nombre418,LIC-EJDE-17,12528,5514,7014,750.5,2
419,Nombre419,MAE-EDUC-15,11752,8226.8,3525.2,0,0
420,Nombre420,MAE-JUIC-15,15136,7568,7568,0,0
421,Nombre421,LIC-CTCO-10C,,2465,0,,
422,Nombre422,LIC-EJDE-17,13512.6,2518,10994.6,3900.6,2
423,Nombre423,LIC-DIGD-10,14730,7580,7150,0.48,1
424,Nombre424,LIC-CTCO-10C,876,4881.2,0,0,0
425,Nombre425,MAE-DEMP-10,25489.15,19057.15,6432,0,0
426,Nombre426,LIC-DAEM-11,6743,6743,0,0,0
427,Nombre427,LIC-EJME-12,9533.8,2937.07,6596.73,2340.73,2
428,Nombre428,LIC-EJAD-17,10497,8770.01,1327.92,0,0
429,Nombre429,LIC-EJDE-17,1025,3110,0,0,0
430,Nombre430,LIC-EJDE-17,12766.2,3132,9634.2,3370.2,4
431,Nombre431,LIC-CTCO-15,15087.5,4005,11082.5,3932.5,3
432,Nombre432,MAE-JUIC-15,15300,13800.6,1499.4,0,0
433,Nombre433,LIC-EJDE-15,14038.3,2517.6,11520.7,4046.7,3
434,Nombre434,LIC-EJAD-12,10767,5555.48,5211.52,0,0
435,Nombre435,LIC-DERE-15,16965,7937,9028,750.34,2
436,Nombre436,LIC-MEES-15,14039.2,9156,4883.2,816.4,2
437,Nombre437,LIC-CTCO-15,16965,8755.65,8209.35,0.34,1
438,Nombre438,LIC-DAEM-15,16965,9093.9,7871.1,0,0
439,Nombre439,LIC-EJCO-17,12927.52,6664.02,6263.5,0.5,1
440,Nombre440,LIC-ITIC-15,19351,18602.99,0.47,0.47,1
441,Nombre441,LIC-CTCO-15,13965,13356.02,0.34,0.34,1
442,Nombre442,LIC-EJDE-17,12717.4,2382,10335.4,3667.4,3
443,Nombre443,LIC-EJDE-17,12766.2,3132,9634.2,3370.2,4
444,Nombre444,LIC-EJCO-17,12857.02,3222.32,9634.7,3370.7,4
445,Nombre445,LIC-ADME-15,17075.13,8797.79,8277.34,0.34,1
446,Nombre446,LIC-EJDE-17,11025.07,5309.37,5715.7,0.5,1
447,Nombre447,LIC-MEES-15,17303.9,3798,13505.9,4477.9,4
448,Nombre448,LIC-DERE-15,16965,7937,9028,750.34,2
449,Nombre449,LIC-EJAD-17,9528,4764,4764,0.5,1
450,Nombre450,LIC-DERE-15,17303.9,4548,12755.9,4477.9,5
451,Nombre451,LIC-ADME-18,13965,7187,6778,0.34,1
452,Nombre452,LIC-DSGD-15,17075.13,14215.81,2250.34,750.34,2
453,Nombre453,LIC-MEES-15,16965,8687,8278,0.34,1
454,Nombre454,LIC-EJDE-17,12766.2,3132,9634.2,3370.2,4
455,Nombre455,LIC-EJAD-17,0,0,0,0,0
456,Nombre456,LIC-DSGD-15,18803.8,6049,12754.8,4476.8,4
457,Nombre457,LIC-EJDE-17,9816,7434,2382,0,0
458,Nombre458,LIC-EJDE-17,14241.8,3132,11109.8,3893.8,4
459,Nombre459,LIC-ADTU-10,14303.9,3798,10505.9,3727.9,3
460,Nombre460,LIC-EJDE-17,13165.72,3531.02,9634.7,3370.7,4
461,Nombre461,LIC-EJME-17,9678.5,4459,5219.5,1523.5,2
462,Nombre462,LIC-DERE-18,13594,6996,6598,0.11,1
463,Nombre463,LIC-EJAD-17,12754.2,2740.41,10013.79,3987.99,4
464,Nombre464,LIC-EJCO-17,8848.44,2204.96,6643.48,2357.48,3
465,Nombre465,LIC-EJDE-17,9766.2,2382,7384.2,2620.2,3
466,Nombre466,LIC-EJCO-17,10277.56,5135.56,5142,0.18,1
467,Nombre467,LIC-DERE-15,21825.84,14045.44,7156.97,1500.47,3
468,Nombre468,LIC-EJCO-17,9583.23,4969.6,4613.63,0,0
469,Nombre469,LIC-EJDE-17,10071,6498.91,3572.09,0,0
470,Nombre470,LIC-EJDE-17,8855,4601,4254,0.1,1
471,Nombre471,MAE-MADN-15,15136,7568,7568,0,0
472,Nombre472,MAE-MADN-15,15136,7568,7568,0,0
473,Nombre473,LIC-EJDE-17,,2126.9,0,,
474,Nombre474,LIC-EJAD-17,9084,8759.64,0,0,0
475,Nombre475,LIC-EJDE-17,8508,4254,4254,0,0
476,Nombre476,LIC-EJAD-17,8508,5360.94,3147.06,0,0
477,Nombre477,LIC-EJCO-17,9108.66,1983.14,7125.52,2871.52,3
478,Nombre478,LIC-EJDE-17,8312.6,5615.5,2697.1,655.1,2
479,Nombre479,LIC-EJCO-17,9228,4614,4614,0,0
480,Nombre480,MAE-JUIC-15,19593.5,7641,11952.5,4240.5,2
481,Nombre481,LIC-DAEM-15,13594,6996,6598,0.11,1
482,Nombre482,LIC-DSGD-18,13797.24,7200.13,6597.11,0.11,1
483,Nombre483,LIC-COFI-18,13594,6996,6598,0.11,1
484,Nombre484,LIC-DAEM-15,13594,7788.28,5805.72,0,0
485,Nombre485,LIC-DERE-18,14481.11,3804.1,10677.01,3779.01,4
486,Nombre486,LIC-DSGD-18,13594,13000.99,0.11,0.11,1
487,Nombre487,LIC-DAEM-15,13970,7899.84,6070.16,0,0
488,Nombre488,LIC-DERE-18,13594,8976.2,4617.8,0,0
489,Nombre489,LIC-DERE-18,16270,8272,7998,0.11,1
490,Nombre490,LIC-DERE-18,13594,6996,6598,0.11,1
491,Nombre491,LIC-CTCO-18,13882,9594.02,4287.98,0,0
492,Nombre492,LIC-CTCO-18,14096.46,7448.94,6647.52,2358.82,3
493,Nombre493,LIC-ADME-18,14605.9,4408,10197.9,3617.9,2
494,Nombre494,LIC-COFI-18,13594,6996,6598,0.11,1
495,Nombre495,MAE-EDUC-15,15136,7568,7568,0,0
496,Nombre496,LIC-EJME-17,9739.8,2687.84,7051.96,2576.38,3
497,Nombre497,LIC-EJCO-17,11190,8421.62,2768.38,0,0
498,Nombre498,LIC-EJDE-17,9458.6,2308,7150.6,2536.6,2
499,Nombre499,LIC-MEES-18,13594,8976.2,4617.8,0,0
500,Nombre500,LIC-EJDE-17,9804,5190,4614,0,0
501,Nombre501,LIC-DERE-18,14661.9,2765.11,11896.79,4998.79,4
502,Nombre502,LIC-EJDE-17,9458.6,2308,7150.6,2536.6,2
503,Nombre503,LIC-DAEM-15,14290,13335.8,450.91,150,1
504,Nombre504,LIC-EJME-17,9361.81,4747.81,4614,0,0
505,Nombre505,LIC-EJDE-17,9228,4614.24,4613.76,0,0
506,Nombre506,LIC-EJDE-17,9228,4614,4614,0,0
507,Nombre507,LIC-EJCO-17,9228,4614,4614,0,0
508,Nombre508,LIC-ADME-18,13594,6996,6598,0.11,1
509,Nombre509,LIC-EJDE-17,9525.61,2374.15,7151.46,2537.46,2
510,Nombre510,LIC-EJDE-17,9516,6748.54,2767.46,0,0
511,Nombre511,LIC-EJAD-17,9232.5,4568.64,4663.86,49.86,2
512,Nombre512,LIC-EJAD-17,549.5,5815.74,-5266.24,-4015.24,3
513,Nombre513,LIC-ADTU-10,14044,7146,6898,0.11,1
514,Nombre514,LIC-EDFI-18,14270.9,4044.1,10226.8,3628.8,4
515,Nombre515,LIC-EJDE-17,9458.6,2308,7150.6,2536.6,2
516,Nombre516,LIC-EJCO-17,9458.6,2308,7150.6,2536.6,2
517,Nombre517,MAE-JUIC-15,15424,6772,11352,3784,1
518,Nombre518,LIC-EJCO-17,9458.6,2308,7150.6,2536.6,2
519,Nombre519,LIC-DSGD-18,14701.7,4326,10375.7,3681.7,3
520,Nombre520,LIC-MEES-18,14464.05,7770.05,6694,0,0
521,Nombre521,MAE-EDUC-15,23659,23659,0,0,0
522,Nombre522,LIC-EJAD-17,9837,2085,7752,2750,2
523,Nombre523,LIC-EJAD-17,9875,6374.1,3500.9,0,0
524,Nombre524,LIC-EJAD-17,8336,5836.1,2499.9,0,0
525,Nombre525,LIC-EJAD-17,8752,4732.2,4019.8,0,0
526,Nombre526,LIC-EJDE-17,8464,4232,4232,0,0
527,Nombre527,LIC-EJDE-17,8811,4579,4232,0,0
528,Nombre528,LIC-EJCO-17,8464,8121.42,0,0,0
529,Nombre529,LIC-EJAD-17,8464,8160.01,0,0,0
530,Nombre530,LIC-EJDE-17,8464,8160.01,0,0,0
531,Nombre531,LIC-EJDE-17,8641.7,3090.24,5551.46,1996.58,3
532,Nombre532,LIC-DSGD-18,14290,8397.8,5892.2,0,0
533,Nombre533,LIC-ADME-18,14290,8397.8,5892.2,0,0
534,Nombre534,LIC-DERE-18,14290,12718.41,1127.51,150,1
535,Nombre535,LIC-MEES-18,14404,14174.75,0,0,0
536,Nombre536,LIC-DAEM-15,14569.7,5266.8,9302.9,3409.9,4
537,Nombre537,LIC-CTCO-18,14128,8864.4,5263.6,0,0
538,Nombre538,LIC-COFI-18,13840,8576.4,5263.6,0,0
539,Nombre539,LIC-DSGD-18,,3610,0,,
540,Nombre540,LIC-EJME-17,9564.42,6792.42,2772,0,0
541,Nombre541,MAE-MERD-15,15300,9563,5737,0,0
542,Nombre542,LIC-EJAD-17,9528,5601.01,3926.99,0,0
543,Nombre543,MAE-DEMP-10,15586.9,6638,8948.9,3211.4,3
544,Nombre544,LIC-COFI-18,14170.76,3844.74,10326.02,4733.02,3
545,Nombre545,LIC-EJDE-17,9528,5601,3927,0,0
546,Nombre546,LIC-MEES-18,14536.7,6438,8098.7,2863.7,3
547,Nombre547,LIC-EJAD-17,9528,5370.27,4157.73,0,0
548,Nombre548,LIC-DERE-18,14287,12688.79,1124.52,150,1
549,Nombre549,LIC-DERE-18,14290,8726.4,5563.6,0,0
550,Nombre550,LIC-EDFI-18,14290,9055,5235,0,0
551,Nombre551,LIC-EJDE-17,9447.9,2887.76,6560.14,2402.14,3
552,Nombre552,LIC-EJCO-17,9735.9,3176.01,6559.89,2401.89,3
553,Nombre553,LIC-EJCO-17,9528,5370.01,4157.99,0,0
554,Nombre554,LIC-COFI-18,13998.42,9063.42,4935,0,0
555,Nombre555,MAE-EDUC-15,11752,7638.8,4113.2,0,0
556,Nombre556,LIC-EJDE-17,10023.9,3464.26,6559.64,2401.64,3
557,Nombre557,LIC-ADME-18,14831.66,7568.28,7263.38,2686.38,4
558,Nombre558,LIC-DERE-18,14128,8864.65,5263.35,0,0
559,Nombre559,MAE-MERD-15,15941.81,7641.51,8300.3,2945.3,2
560,Nombre560,LIC-EJAD-17,347,2080.01,0,0,0
561,Nombre561,MAE-EDUC-15,12040,7633.2,4406.8,0,0
562,Nombre562,MAE-MERD-15,15894,6408,9486,3366,2
563,Nombre563,MAE-EDUC-15,11752,7932.64,3819.36,0,0
564,Nombre564,MAE-MADN-15,20932.76,11344.76,9588,3978,3
565,Nombre565,LIC-CTCO-18,14008.35,9361.35,4935,0,0
566,Nombre566,LIC-COFI-18,14290,13544.59,450,150,1
567,Nombre567,MAE-DEMP-10,20400,16538.63,4149.37,0,0
568,Nombre568,LIC-EJDE-17,9694.3,4493.2,5201.1,1874.7,3
569,Nombre569,LIC-EJAD-17,335.77,1721.95,0,0,0
570,Nombre570,LIC-EJDE-17,5980.25,4317.71,1662.54,0,0
571,Nombre571,LIC-DERE-18,14086.8,6254,7832.8,2897.8,3
572,Nombre572,LIC-EJAD-17,10254.6,5958.18,4296.42,1524.42,2
573,Nombre573,MAE-EDUC-15,11752,8814.8,2937.2,0,0
574,Nombre574,LIC-EJDE-17,8340,4796.25,3543.75,0,0
575,Nombre575,LIC-EDFI-18,14340,8648,5692,0,0
576,Nombre576,LIC-EJAD-17,8547.35,3054.5,5492.85,1948.35,2
577,Nombre577,LIC-EJAD-17,8340,5212.75,3127.25,0,0
578,Nombre578,LIC-COFI-18,13982.93,8253.93,5729,0,0
579,Nombre579,LIC-EJCO-17,8340,4796.25,3543.75,0,0
580,Nombre580,LIC-EJDE-17,8340,4796.25,3543.75,0,0
581,Nombre581,LIC-MEES-18,14575.9,6813,7762.9,2744.9,3
582,Nombre582,LIC-EJAD-17,8546.47,4021.97,4524.5,1605.5,2
583,Nombre583,LIC-EJDE-17,8517.1,3024.25,5492.85,1948.35,2
584,Nombre584,LIC-EJDE-17,8370.25,4826.5,3543.75,0,0
585,Nombre585,MAE-EDUC-15,19668,14772,4896,0,0
586,Nombre586,LIC-MEES-18,13890,9172,4718,0,0
587,Nombre587,LIC-DERE-18,14394.81,9714.31,4680.5,0,0
588,Nombre588,LIC-DSGD-18,14559.1,7318.5,7240.6,2559.6,3
589,Nombre589,MAE-EDUC-15,,0,0,,
590,Nombre590,LIC-EJCO-17,8400.47,5606.62,2793.85,0,0
591,Nombre591,LIC-EJAD-17,8400.47,5606.62,2793.85,0,0
592,Nombre592,MAE-MADN-15,29.15,4049.15,0,0,0
593,Nombre593,LIC-DSGD-18,54.81,3834.81,0,0,0
594,Nombre594,LIC-EJCO-17,60.47,2145.47,0,0,0
595,Nombre595,LIC-EJDE-17,30.25,2116.25,0,0,0
596,Nombre596,MAE-JUIC-15,15136,15136,0,0,0
597,Nombre597,MAE-EDUC-15,11982.42,7428.32,4554.1,1616.1,3
598,Nombre598,LIC-EJCO-17,9620.3,5833,3787.3,1015.3,2
599,Nombre599,LIC-EJAD-17,15717.4,2381.8,13335.6,5167.6,5
600,Nombre600,MAE-DEMP-10,0,0,0,0,0
601,Nombre601,MAE-MERD-15,15136,7568,7568,0,0
602,Nombre602,LIC-DECO-10,576,576.9,0,0,0
603,Nombre603,LIC-EJAD-17,8752,4943.68,3808.32,0,0
604,Nombre604,LIC-EJAD-17,9240,4620,4620,0,0
605,Nombre605,MAE-EDUC-15,12289.7,4401.8,7887.9,2893.3,3
606,Nombre606,MAE-MERD-15,15245.74,7677.74,7568,0,0
607,Nombre607,MAE-MADN-15,15136,7568,7568,0,0
608,Nombre608,LIC-EJAD-17,9528,5370.01,4157.99,0,0
609,Nombre609,LIC-EJME-17,8675.97,2216.04,6459.93,2291.93,2
610,Nombre610,LIC-EJAD-17,8542.2,2105.85,6436.35,2268.35,2
611,Nombre611,LIC-ADEM-10C,9624.6,4305,5319.6,1887.6,3
612,Nombre612,LIC-EJDE-12,3124,3124,0,0,0
613,Nombre613,MAE-MADN-15,25794.63,19362.63,6432,0,0
614,Nombre614,MAE-JUIC-15,347,347,0,0,0
615,Nombre615,LIC-EJAD-12,12186.4,2521,9665.4,3457.4,3
616,Nombre616,LIC-DIGD-10,9441.8,9443,0,0,0
617,Nombre617,LIC-EJCO-17,12766.2,2382,10384.2,2620.2,3
618,Nombre618,LIC-DIGD-10,15077,7927,7150,0.48,1
619,Nombre619,LIC-ADEM-10C,16489.5,10162,6327.5,2215.5,4
620,Nombre620,LIC-DAEM-11,6743,6743,0,0,0
621,Nombre621,LIC-SIIN-10C,12074,6926,5148,0,0
622,Nombre622,LIC-EJDE-12,8813.8,1109,7704.8,3448.8,3
623,Nombre623,LIC-EJAD-12,9089.6,2218,6871.6,2437.6,2
624,Nombre624,LIC-PSIO-10C,11801,2950,8851,0,0
625,Nombre625,LIC-CTCO-10C,19650,9640,10010,0.48,1
626,Nombre626,LIC-EJAD-12,8868,4434,4434,0,0
627,Nombre627,LIC-EJAD-12,11921.6,3151,8770.6,3070.6,3
628,Nombre628,LIC-COFI-15,22281,11593.26,10687.74,0,0
629,Nombre629,LIC-DSGD-15,0,4004.52,0,0,0
630,Nombre630,LIC-DERE-15,16965,9884.09,6629.46,1500,2
631,Nombre631,LIC-EJDE-17,11005,5079.5,5925.5,0,0
632,Nombre632,LIC-DERE-15,18315,7637,8284,0.34,1
633,Nombre633,LIC-ITIC-15,13965,7255.65,6709.35,0,0
634,Nombre634,LIC-MEES-15,16965,8687,8278,0.34,1
635,Nombre635,LIC-DSGD-15,17435.78,4679.54,12756.24,4478.24,4
636,Nombre636,LIC-DERE-15,17068.8,7290.8,9778,0,0
637,Nombre637,LIC-SYSC-18,14303.9,3608,10695.9,3917.9,3
638,Nombre638,LIC-EJDE-17,9240,4620,4620,0,0
639,Nombre639,LIC-MEES-15,14096.88,8069.54,6777.34,0.34,1
640,Nombre640,LIC-DSGD-15,17303.9,1936.46,15367.44,7089.44,5
641,Nombre641,LIC-EJDE-17,12528,6264,6264,0.5,1
642,Nombre642,LIC-EJAD-17,13066.2,3432,9634.2,3370.2,4
643,Nombre643,LIC-DERE-15,16965,8687,8278,0.34,1
644,Nombre644,LIC-EJCO-17,14241.8,2382,11859.8,3143.8,3
645,Nombre645,LIC-EJCO-17,17481,2670,14811,4191,3
646,Nombre646,LIC-DERE-18,14753.9,3798,10955.9,3877.9,4
647,Nombre647,LIC-EJCO-17,8114.57,2797.57,5317,1887,3
648,Nombre648,LIC-EJME-17,9528,4764,4764,0.5,1
649,Nombre649,LIC-EJCO-17,14241.8,3132,11109.8,3893.8,4
650,Nombre650,LIC-DSGD-15,18315,9137,9178,0.34,1
651,Nombre651,LIC-EJDE-17,8695.05,4451.91,4243.14,0,0
652,Nombre652,LIC-ADME-15,17800.2,8376.25,9423.95,3420.75,4
653,Nombre653,LIC-DERE-18,13796.89,7198.89,6598,0.11,1
654,Nombre654,LIC-ADME-15,19275,12347,6928,0.47,1
655,Nombre655,LIC-EJAD-17,9918.14,4776.96,5141.18,0.18,1
656,Nombre656,LIC-COFI-15,14454.1,5902.13,8551.97,1970.37,3
657,Nombre657,LIC-EJDE-17,8602,4817.12,3784.88,0,0
658,Nombre658,LIC-ADME-18,21263.3,5332.9,15930.4,5623.34,3
659,Nombre659,LIC-EJAD-17,12856,8785.61,4070.39,0,0
660,Nombre660,LIC-EJDE-17,8747.26,8361.52,0.18,0.18,1
661,Nombre661,LIC-EJME-17,11572,8143.4,3428.6,0,0
662,Nombre662,LIC-EJCO-17,10175.25,2204.97,7970.28,2828.28,3
663,Nombre663,LIC-DSGD-15,17275,8847,8428,0.47,1
664,Nombre664,LIC-EJDE-17,8572,8237.36,0,0,0
665,Nombre665,LIC-SYSC-18,13594,7326.7,6267.3,0,0
666,Nombre666,LIC-DERE-18,13794.79,7196.79,6598,0.11,1
667,Nombre667,LIC-CTCO-18,13686.2,8012.69,5673.51,0,0
668,Nombre668,LIC-EDFI-18,14913,9191,5722,0,0
669,Nombre669,LIC-ADME-18,14373.9,3697.49,10676.41,3778.41,3
670,Nombre670,LIC-DERE-18,13594,6996,6598,0.11,1
671,Nombre671,LIC-DAEM-15,14059.9,6692.92,7366.98,1956.62,2
672,Nombre672,LIC-SYSC-18,14428.51,4201.5,10227.01,3629.01,3
673,Nombre673,LIC-COFI-18,13742.22,7144.22,6598,0.11,1
674,Nombre674,LIC-DERE-18,14942.66,7333.78,7608.88,2690.28,4
675,Nombre675,LIC-EDFI-18,13594,6996,6598,0.11,1
676,Nombre676,LIC-DSGD-18,13923.9,3697,10226.9,3628.9,3
677,Nombre677,LIC-EDFI-18,14044,6996,7048,150.11,2
678,Nombre678,LIC-MEES-18,14170,13625.51,0,0,0
679,Nombre679,LIC-EDFI-18,14211.9,3985,10226.9,3628.9,3
680,Nombre680,LIC-EJAD-17,9458.7,1500.41,7958.29,3344.29,3
681,Nombre681,LIC-EJAD-17,10103.5,7667.21,2436.29,126.29,2
682,Nombre682,LIC-EJME-17,10046.6,2896,7150.6,2536.6,2
683,Nombre683,LIC-DERE-18,14096.4,7448.9,6647.5,2358.8,3
684,Nombre684,LIC-EJDE-17,9666,4902.94,4763.06,1763.96,3
685,Nombre685,LIC-DERE-18,13594,6996,6598,0.11,1
686,Nombre686,LIC-EJDE-17,9746.7,2480.48,7266.22,2652.22,3
687,Nombre687,LIC-COFI-18,13772,9813.2,3958.8,0,0
688,Nombre688,LIC-COFI-18,13594,9635.6,3958.4,0,0
689,Nombre689,LIC-COFI-18,14044,9653.54,4390.46,0,0
690,Nombre690,LIC-DSGD-18,14195.4,4295.7,9899.7,3631.6,3
691,Nombre691,LIC-SYSC-18,14130.36,8851.96,5278.4,0,0
692,Nombre692,LIC-ADTU-10,13923.9,3697,10226.9,3628.9,3
693,Nombre693,MAE-JUIC-15,15136,15136,0,0,0
694,Nombre694,LIC-EJAD-17,9458.6,2307.6,7151,2537,2
695,Nombre695,LIC-EJAD-17,9440.2,2815.24,6624.96,2380.08,3
696,Nombre696,LIC-EJCO-17,10614,5076,5538,0,0
697,Nombre697,MAE-EDUC-15,24678,24678,0,0,0
698,Nombre698,LIC-EJAD-17,9228,4614.24,4613.76,0,0
699,Nombre699,LIC-EJAD-17,8387.3,3997,4690.3,520.3,2
700,Nombre700,LIC-ADTU-10,14031.11,3804.1,10227.01,3629.01,3
701,Nombre701,MAE-EDUC-15,15245.74,7677.74,7568,0,0
702,Nombre702,LIC-EJCO-17,9875,6624.22,3250.78,0,0
703,Nombre703,LIC-EJDE-17,5087,4907.01,0,0,0
704,Nombre704,LIC-EJCO-17,9875,5273.96,4601.04,0,0
705,Nombre705,LIC-EJDE-17,8624,8344.66,0,0,0
706,Nombre706,LIC-DSGD-18,14296.5,7552.64,6743.86,2392.76,2
707,Nombre707,LIC-EJCO-17,8336,5835.92,2500.08,0,0
708,Nombre708,LIC-CTCO-18,13791,9105.3,4685.7,0,0
709,Nombre709,LIC-ADTU-10,14241,13339.01,300.07,0.07,1
710,Nombre710,LIC-EJDE-17,9528,5370.01,4157.99,0,0
711,Nombre711,LIC-EJDE-17,8470.3,4803.61,3666.69,69.49,2
712,Nombre712,LIC-EJDE-17,9864,5632,4232,0,0
713,Nombre713,LIC-EJAD-17,8752,5366.8,3385.2,0,0
714,Nombre714,LIC-EJDE-17,8752,8372.01,0,0,0
715,Nombre715,LIC-EJCO-17,8464,4867.31,3596.69,0,0
716,Nombre716,LIC-EJCO-17,8464,4867.31,3596.69,0,0
717,Nombre717,MAE-MERD-15,15319.1,10902,4417.1,209.6,2
718,Nombre718,MAE-EDUC-15,12033.54,7479.44,4554.1,1616.1,3
719,Nombre719,MAE-MADN-15,15779.2,9851,5928.2,2103.2,2
720,Nombre720,LIC-DSGD-18,14684,13729.8,450.91,150,1
721,Nombre721,LIC-DERE-18,14290,8397.8,5892.2,0,0
722,Nombre722,LIC-SYSC-18,14578,8685.95,5892.05,0,0
723,Nombre723,LIC-MEES-18,14646.65,3503.75,11142.9,4920.9,4
724,Nombre724,LIC-CTCO-18,13840,8247.17,5592.83,0,0
725,Nombre725,LIC-EDFI-18,14020.21,8427.21,5593,0,0
726,Nombre726,LIC-DSGD-18,14500.4,7361.24,7139.16,2533.16,2
727,Nombre727,LIC-DAEM-15,14578,9343.9,5234.1,0,0
728,Nombre728,LIC-ADME-18,14290,8068.82,6221.18,0,0
729,Nombre729,LIC-MEES-18,14290,8397.17,5892.83,0,0
730,Nombre730,LIC-DAEM-15,13840,8905.15,4934.85,0,0
731,Nombre731,LIC-DERE-18,14290,8068.57,6221.43,0,0
732,Nombre732,LIC-DAEM-15,14140,8547.8,5592.2,0,0
733,Nombre733,LIC-EJDE-17,9528,5832,3696,0,0
734,Nombre734,LIC-ADME-18,14841.2,6048.4,8792.8,3228.8,4
735,Nombre735,LIC-COFI-18,14290,13495.81,450,150,1
736,Nombre736,LIC-COFI-18,14290,12777.52,1127.61,150,1
737,Nombre737,LIC-DERE-18,14290,8397.8,5892.2,0,0
738,Nombre738,LIC-DERE-18,13942.13,8637.69,5592.44,0,0
739,Nombre739,LIC-EJDE-17,9724.3,3638.01,6086.29,2159.29,2
740,Nombre740,LIC-EDFI-18,14434.13,9857.13,4577,0,0
741,Nombre741,LIC-COFI-18,14290,8397.8,5892.2,0,0
742,Nombre742,LIC-EJAD-17,9735.9,3176.01,6559.89,2401.89,3
743,Nombre743,LIC-EJCO-17,9712.7,3985.04,5727.66,2031.66,2
744,Nombre744,MAE-MADN-15,15300,9180,6120,0,0
745,Nombre745,LIC-COFI-18,13840,8247.07,5592.93,0,0
746,Nombre746,LIC-DERE-18,14290,8726.4,5563.6,0,0
747,Nombre747,LIC-COFI-18,14326.64,9092.18,5234.46,0,0
748,Nombre748,LIC-DSGD-18,13787.1,6265.54,8344.06,2586.56,2
749,Nombre749,LIC-ADTU-10,13840,8247.56,5592.44,0,0
750,Nombre750,LIC-DERE-18,14290,8726.4,5563.6,0,0
751,Nombre751,LIC-EJDE-17,9392.6,4274.01,4845.59,1793.59,3
752,Nombre752,LIC-EJAD-17,9528,9237.72,0,0,0
753,Nombre753,LIC-EJAD-17,9393.6,5623.85,3769.75,1367.35,3
754,Nombre754,MAE-MADN-15,15588,11763,3825,0,0
755,Nombre755,LIC-EJCO-17,9610.04,7069.04,2541,0,0
756,Nombre756,LIC-EJAD-17,9665.28,6662.28,3003,0,0
757,Nombre757,LIC-EJAD-17,9701.3,4216.5,5484.8,2019.8,3
758,Nombre758,LIC-EJAD-17,9528,7218.65,2309.35,0,0
759,Nombre759,LIC-CTCO-18,14086.8,6254,7832.8,2897.8,3
760,Nombre760,LIC-EJCO-17,9528,5601.76,3926.24,0,0
761,Nombre761,LIC-EJDE-17,9528,6294.71,3233.29,0,0
762,Nombre762,MAE-MADN-15,15588,15175.02,-0.12,-0.12,1
763,Nombre763,LIC-EJDE-17,9574.86,6571.86,3003,0,0
764,Nombre764,LIC-EJDE-17,8340,5004,3336,0,0
765,Nombre765,LIC-EJDE-17,8340,4796.25,3543.75,0,0
766,Nombre766,LIC-CTCO-18,,4035,0,,
767,Nombre767,LIC-EJAD-17,8370.25,4617.75,3752.5,0,0
768,Nombre768,LIC-EJCO-17,8569.94,2753.84,5816.1,2063.1,2
769,Nombre769,LIC-EJDE-17,2262.2,3023.25,-761.05,-135.55,3
770,Nombre770,LIC-EJAD-17,8340,4796.25,3543.75,0,0
771,Nombre771,LIC-EJAD-17,39.32,2125.32,0,0,0
772,Nombre772,LIC-EJCO-17,39.85,2449.85,0,0,0
773,Nombre773,LIC-ADME-18,13890,9172,4718,0,0
774,Nombre774,LIC-EJAD-17,8496.3,3649.75,4846.55,1719.05,2
775,Nombre775,LIC-DERE-18,14340,8985.5,5354.5,0,0
776,Nombre776,MAE-EDUC-15,35.5,3095.5,0,0,0
777,Nombre777,LIC-ADME-18,14394.81,9376.81,5018,0,0
778,Nombre778,LIC-DERE-18,14405.77,10061.77,4344,0,0
779,Nombre779,LIC-EJCO-17,8536.95,3367.25,5169.7,1833.7,2
780,Nombre780,LIC-ADME-18,13890,9172,4718,0,0
781,Nombre781,MAE-EDUC-15,15534.4,7379.5,8154.9,4176.9,3
782,Nombre782,LIC-DERE-18,14179.9,7911.7,6268.2,2224.2,2
783,Nombre783,LIC-EJCO-17,8370.25,5243,3127.25,0,0
784,Nombre784,LIC-ADME-18,14607.97,7889.77,6718.2,2374.2,3
785,Nombre785,MAE-MADN-15,25828.23,12642.63,13185.6,6753.6,3
786,Nombre786,LIC-EJDE-17,30.25,2116.25,0,0,0
787,Nombre787,MAE-EDUC-15,35.5,3095.5,0,0,0
788,Nombre788,LIC-EJAD-17,9084,6318.92,2765.08,0,0
789,Nombre789,LIC-EJDE-17,8519.6,2143.8,6375.8,2261.8,3
790,Nombre790,LIC-EJCO-17,9528,6294.01,3233.99,0,0
791,Nombre791,LIC-EJDE-17,10606,6750,3856,0,0
792,Nombre792,LIC-EJME-17,8675.5,2117,6558.5,2326.5,2
793,Nombre793,LIC-EJDE-17,8400.47,4647.47,3753,834,1
794,Nombre794,MAE-EDUC-15,12040,11452.36,587.64,0.04,1
795,Nombre795,LIC-EJDE-17,8314,5681.93,2632.07,0,0
796,Nombre796,LIC-EJDE-17,10197,4877,5320,0,0
797,Nombre797,MAE-JUIC-15,15136,7568,7568,0,0
798,Nombre798,MAE-JUIC-15,25460,19028,6432,0,0
799,Nombre799,LIC-EJAD-17,9528,4764,4764,0.5,1
800,Nombre800,MAE-JUIC-15,15136,3784,11352,3784,1
801,Nombre801,MAE-MADN-15,15136,7568,7568,0,0
802,Nombre802,LIC-EJDE-17,6528,2381.5,4146.5,0.5,1
803,Nombre803,LIC-EJME-17,12473.4,3958.2,8515.2,2585.2,3
804,Nombre804,LIC-EJME-17,300,2610.6,0,0,0
805,Nombre805,LIC-CTCO-10C,17603.9,4305.5,13298.4,4718.4,3
806,Nombre806,LIC-EJCO-17,9041.01,1000.3,7160.41,3605.61,3
807,Nombre807,LIC-EJDE-17,13383,5999,7384,0,0
808,Nombre808,LIC-ADME-15,17275,8847,8428,0.47,1
809,Nombre809,LIC-COFI-18,13552,6972.6,6579.4,0,0
810,Nombre810,LIC-EJCO-17,5466.41,3464.41,2002,0,0
811,Nombre811,LIC-EJDE-17,8340,4170,4170,0,0
812,Nombre812,LIC-EJAD-12,4166.1,2517.6,1648.5,584.5,2
813,Nombre813,LIC-EJME-12,8868,4434,4434,0,0
814,Nombre814,LIC-PSIO-15,14730,7580,7150,0.48,1
815,Nombre815,LIC-EJDE-12,10463,2517,8246,2926,2
816,Nombre816,LIC-EJAD-17,9436.6,2565,6871.6,2437.6,2
817,Nombre817,MAE-MADN-15,15564.78,8851.88,6712.9,2505.4,3
818,Nombre818,LIC-EJDE-17,30.25,2116.25,0,0,0
819,Nombre819,LIC-DIGD-10,13815.35,11156,2659.35,943.35,3
820,Nombre820,LIC-EJAD-17,10161.7,3157,7004.7,2570.7,3
821,Nombre821,LIC-DIGD-10,15164.94,8300.94,6864,0.48,1
822,Nombre822,LIC-SIIN-10C,13334.4,4005,9329.4,3281.4,4
823,Nombre823,LIC-EJDE-15,18021.6,2517.6,15504,11070,6
824,Nombre824,LIC-CTCO-10C,15651,7887,7764,0.48,1
825,Nombre825,LIC-FICO-10,20433.5,4374,16059.5,5669.5,4
826,Nombre826,MAE-JUIC-15,15873.68,6981.01,8892.67,3155.17,2
827,Nombre827,LIC-EJAD-12,6743,6743,0,0,0
828,Nombre828,LIC-EJDE-15,11288.7,2517.2,8771.5,3071.5,3
829,Nombre829,LIC-EJAD-17,11109.9,2865,8244.9,2924.9,2
830,Nombre830,LIC-EJDE-15,10767,6762.5,4004.5,633,1
831,Nombre831,LIC-EJAD-12,11400,5700,5700,0,0
832,Nombre832,LIC-EJDE-17,12528,12458.41,0,0,0
833,Nombre833,LIC-DERE-15,19965,7187,12778,0.34,1
834,Nombre834,LIC-EJAD-17,12766.2,3132,9634.2,3370.2,4
835,Nombre835,LIC-EJME-17,8336,4168,4168,0,0
836,Nombre836,LIC-ADME-15,20808,9936,10872,0.07,1
837,Nombre837,LIC-COFI-15,18660,8502,10158,750.34,2
838,Nombre838,LIC-DSGD-15,17303.8,3798.46,13505.34,5227.34,5
839,Nombre839,LIC-DERE-15,17265,16656.02,0.34,0.34,1
840,Nombre840,LIC-ITIC-15,17283.6,4407.9,12875.7,5004.38,5
841,Nombre841,LIC-MEES-18,14481.11,3804.1,10677.01,3779.01,4
842,Nombre842,LIC-DERE-18,14445.15,5636.78,9960.37,3534.37,3
843,Nombre843,LIC-COFI-15,16965,14106.02,2250.34,750.34,2
844,Nombre844,LIC-ADME-15,16965,9026.35,7938.65,0.34,1
845,Nombre845,LIC-COFI-15,16965,8687,8278,0.34,1
846,Nombre846,LIC-COFI-15,16965,8687,8278,0.34,1
847,Nombre847,LIC-EJCO-17,14038.27,2653.57,11384.7,2620.7,3
848,Nombre848,LIC-DERE-15,16965,8687,8278,0,0
849,Nombre849,LIC-COFI-15,17303.9,3865,13438.9,5160.9,4
850,Nombre850,LIC-EJDE-17,14609.6,4445,8664.6,1326.6,2
851,Nombre851,LIC-DERE-15,17058.61,8780.62,8277.99,0,0
852,Nombre852,LIC-ADTU-10,13965,13356.02,0.34,0.34,1
853,Nombre853,LIC-EJDE-17,15383,7215,8168,0.5,1
854,Nombre854,LIC-EJDE-17,17098.96,5742.96,148,0.5,1
855,Nombre855,MAE-DEMP-10,16699.1,4466.67,12232.43,4340.43,2
856,Nombre856,LIC-EJCO-17,12528,12099.99,0.5,0.5,1
857,Nombre857,LIC-CTCO-15,15025,8097,6928,0.47,1
858,Nombre858,LIC-EJDE-17,13716.55,10629.59,3492.29,771.75,3
859,Nombre859,LIC-EJCO-17,10038.2,2127.4,7910.8,2806.8,3
860,Nombre860,LIC-EJCO-17,7226.2,2443.8,4782.4,1696.4,3
861,Nombre861,LIC-EJAD-17,10113.1,2143,7970.1,2828.1,3
862,Nombre862,LIC-EJDE-17,8314,8185.99,0.18,0.18,1
863,Nombre863,MAE-JUIC-15,15136,7568,7568,0,0
864,Nombre864,LIC-EJCO-17,9990,1947,8043,2963,4
865,Nombre865,LIC-DAEM-15,14044,9126.2,4917.8,0,0
866,Nombre866,LIC-CTCO-18,13594,6996,6598,0.11,1
867,Nombre867,LIC-ADME-18,14170,13695.78,0,0,0
868,Nombre868,LIC-DERE-18,15277.2,8379.2,10786.61,3888.61,6
869,Nombre869,LIC-EJME-17,8752,5282.52,3469.48,0,0
870,Nombre870,LIC-CTCO-18,13594,6996.49,6597.51,0,0
871,Nombre871,LIC-DERE-18,13923.9,3697,10226.9,3628.9,3
872,Nombre872,LIC-EDFI-18,13594,6996,6598,0.11,1
873,Nombre873,LIC-DERE-18,16186.11,3804.1,12382.01,4384.01,4
874,Nombre874,LIC-MEES-18,13882,9594.02,4287.98,0,0
875,Nombre875,LIC-EJAD-17,11305,8384.64,2539.43,0,0
876,Nombre876,LIC-EDFI-18,13923.9,3697,10226.9,3628.9,3
877,Nombre877,LIC-COFI-18,13594,6996,6598,0.11,1
878,Nombre878,LIC-SYSC-18,13923.9,3328,10595.9,3997.9,3
879,Nombre879,LIC-EJAD-17,9435.6,2976.98,6458.62,2306.02,3
880,Nombre880,LIC-DAEM-15,13882,13467.93,0,0,0
881,Nombre881,LIC-EJAD-17,12717.3,2382.2,10335.1,3667.1,3
882,Nombre882,LIC-COFI-18,300,3997.7,0,0,0
883,Nombre883,LIC-EJME-17,9732.9,2964.68,6768.22,2431.06,3
884,Nombre884,LIC-DAEM-15,13594,13000.99,0.11,0.11,1
885,Nombre885,LIC-EJDE-17,9228,4614,4614,0,0
886,Nombre886,LIC-EJDE-17,9228,4614,4614,0,0
887,Nombre887,MAE-MADN-15,6168,3084,3084,0,0
888,Nombre888,LIC-COFI-18,13882,7944.64,5937.36,0,0
889,Nombre889,LIC-DERE-18,13594,6996,6598,0.11,1
890,Nombre890,LIC-ADME-18,500,500,0,0,0
891,Nombre891,LIC-EJCO-17,12386.91,2374.15,10012.76,3552.76,2
892,Nombre892,LIC-EJCO-17,9458.6,2308,7150.6,2536.6,2
893,Nombre893,LIC-CTCO-18,13857.8,5677.29,8180.51,2902.11,2
894,Nombre894,MAE-JUIC-15,15136,3784,11352,3784,1
895,Nombre895,LIC-EJDE-17,347,347,0,0,0
896,Nombre896,LIC-EJCO-17,9228,4614.24,4613.76,0,0
897,Nombre897,LIC-EJAD-17,12644,6184,6460,0,0
898,Nombre898,LIC-EJAD-17,9654.3,5364.2,4290.1,1521.7,2
899,Nombre899,LIC-EJCO-17,9581.23,4967.38,4613.85,0,0
900,Nombre900,LIC-EJDE-17,9516,5271.24,4244.76,0,0
901,Nombre901,MAE-MERD-15,15136,7568,7568,0,0
902,Nombre902,MAE-EDUC-15,15136,11352,3784,0,0
903,Nombre903,LIC-DERE-18,14673.9,3997,10676.9,3778.9,4
904,Nombre904,LIC-EJCO-17,9516,6655.64,2860.36,0,0
905,Nombre905,LIC-EJDE-17,9458.6,2307.6,7151,2537,2
906,Nombre906,LIC-DERE-18,11379.21,7754.7,3624.51,0,0
907,Nombre907,MAE-MADN-15,15136,7568,7568,0,0
908,Nombre908,LIC-EJAD-17,9677.4,4671.87,5005.53,1775.73,2
909,Nombre909,LIC-COFI-18,14241,9255.3,4985.7,0,0
910,Nombre910,LIC-MEES-18,16562.45,8531.38,8031.07,0.07,1
911,Nombre911,MAE-EDUC-15,15136,7568,7568,0,0
912,Nombre912,LIC-DERE-18,14789.9,5445.1,9344.8,3020.2,3
913,Nombre913,MAE-EDUC-15,15136,15136,0,0,0
914,Nombre914,LIC-COFI-18,13870.96,8851.16,5019.8,0,0
915,Nombre915,LIC-EJAD-17,8336,4168,4168,0,0
916,Nombre916,LIC-CTCO-18,14091,7397,6694,0.07,1
917,Nombre917,LIC-DERE-18,13791,8770.75,5020.25,0,0
918,Nombre918,LIC-EJAD-17,8624,4873.6,3750.4,0,0
919,Nombre919,LIC-EJAD-17,8544.3,2085,6459.3,2291.3,2
920,Nombre920,LIC-EJAD-17,8844.3,2385,6459.3,2291.3,2
921,Nombre921,LIC-EJAD-17,8844.3,2385,6459.3,2291.3,2
922,Nombre922,LIC-EJAD-17,8568.32,4971.12,3597.2,0,0
923,Nombre923,LIC-EJAD-17,8464,4867.61,3596.39,0,0
924,Nombre924,LIC-EJAD-17,8890.42,8585.76,0,0,0
925,Nombre925,LIC-EJCO-17,8752,5155.61,3596.39,0,0
926,Nombre926,LIC-EJAD-17,8895.43,4663.43,4232,0,0
927,Nombre927,MAE-MADN-15,16116,10418.84,5697.16,0,0
928,Nombre928,LIC-DERE-18,14290,12747.54,1127.98,150,1
929,Nombre929,LIC-CTCO-18,14290,8726.3,5563.7,0,0
930,Nombre930,LIC-DERE-18,13840,13544.01,0,0,0
931,Nombre931,LIC-SYSC-18,13552,10459,3093,0,0
932,Nombre932,LIC-COFI-18,14578,8685.17,5892.83,0,0
933,Nombre933,LIC-COFI-18,14424.1,5061.35,9362.75,3440.75,3
934,Nombre934,LIC-COFI-18,14290,8397.42,5892.58,0,0
935,Nombre935,LIC-ADME-18,14128,10180.12,3947.88,0,0
936,Nombre936,LIC-EJAD-17,6876,4414.84,2461.16,0,0
937,Nombre937,LIC-DSGD-18,14290,8397.8,5892.2,0,0
938,Nombre938,LIC-CTCO-18,13840,8247.2,5592.8,0,0
939,Nombre939,LIC-DSGD-18,13840,8247.8,5592.2,0,0
940,Nombre940,MAE-JUIC-15,15830.2,8066,7764.2,2664.2,2
941,Nombre941,LIC-DERE-18,13840,8576.4,5263.6,0,0
942,Nombre942,LIC-CTCO-18,14128,13713.6,0,0,0
943,Nombre943,LIC-COFI-18,1463,7089,300,0,0
944,Nombre944,LIC-COFI-18,14569.7,5266.56,9303.14,3410.14,4
945,Nombre945,LIC-EJCO-17,10380,8070.27,2309.73,0,0
946,Nombre946,LIC-EJAD-17,9655.27,5266.27,4389,0,0
947,Nombre947,LIC-EJDE-17,9589.95,5802.39,3787.56,0,0
948,Nombre948,LIC-EJDE-17,9724.4,3523,6201.4,2274.4,3
949,Nombre949,LIC-DERE-18,14128,9522.53,4605.47,0,0
950,Nombre950,LIC-EJME-17,9528,5832,3696,0,0
951,Nombre951,LIC-DERE-18,14290,8726.3,5563.7,0,0
952,Nombre952,LIC-COFI-18,14841.2,6048.4,8792.8,3228.8,4
953,Nombre953,LIC-ADME-18,14536.8,6254,8282.8,3047.8,4
954,Nombre954,LIC-EJDE-17,9471,1963.76,7507.24,2887.24,3
955,Nombre955,MAE-EDUC-15,11752,7834.08,3917.92,0,0
956,Nombre956,LIC-EJDE-17,347,347,0,0,0
957,Nombre957,LIC-EJCO-17,9528,5139,4389,0,0
958,Nombre958,LIC-MEES-18,13840,8905,4935,0,0
959,Nombre959,MAE-DEMP-10,15355.48,10765.48,3060,0,0
960,Nombre960,LIC-EJCO-17,7587,5092.73,2494.27,0,0
961,Nombre961,LIC-EJAD-17,9528,5832.76,3695.24,0,0
962,Nombre962,LIC-COFI-18,14569.7,5266.8,9302.9,3409.9,4
963,Nombre963,LIC-SYSC-18,13765.9,6952.52,7964.88,2536.38,3
964,Nombre964,MAE-EDUC-15,12054.6,7193.4,4861.2,160.4,2
965,Nombre965,LIC-DERE-18,14290,9384.1,4905.9,0,0
966,Nombre966,LIC-EDFI-18,14471,8227.9,6243.1,2324.1,4
967,Nombre967,LIC-EJCO-17,9815.06,6350.06,5425.73,1960.73,4
968,Nombre968,MAE-EDUC-15,500,500,0,0,0
969,Nombre969,LIC-EJME-17,9528,6063.98,3464.02,0,0
970,Nombre970,MAE-EDUC-15,12040,14097,-2057,-2057,1
971,Nombre971,LIC-EJAD-17,9528,6063.5,3464.5,0,0
972,Nombre972,LIC-ADME-18,14021,8227.9,5793.1,2174.1,3
973,Nombre973,LIC-EJCO-17,9816,9065.01,459.89,0,0
974,Nombre974,LIC-EJDE-17,9652.08,6880.08,2772,0,0
975,Nombre975,LIC-EJCO-17,654.89,2041.07,0,0,0
976,Nombre976,LIC-EJAD-17,9619.42,6755.02,2864.4,0,0
977,Nombre977,MAE-EDUC-15,11752,8814,2938,0,0
978,Nombre978,MAE-JUIC-15,20943.95,15142.65,5801.3,701.3,2
979,Nombre979,MAE-MADN-15,15300,11093,4207,0,0
980,Nombre980,MAE-DEMP-10,15588,15243.99,-0.24,-0.24,1
981,Nombre981,MAE-EDUC-15,16171.4,8807.4,7364,3055.3,3
982,Nombre982,LIC-DERE-18,14609.6,5802,8807.6,3115.6,3
983,Nombre983,MAE-EDUC-15,,2880,0,,
984,Nombre984,LIC-EJDE-17,,2086,0,,
985,Nombre985,LIC-EJAD-17,,2086,0,,
986,Nombre986,LIC-EJAD-17,8557.85,2741.75,5816.1,2063.1,2
987,Nombre987,LIC-EJDE-17,8370.25,4617.75,3752.5,0,0
988,Nombre988,LIC-EJCO-17,-52.2,3649.75,-3361.95,-2319.45,3
989,Nombre989,MAE-MADN-15,25460,19564,5896,0,0
990,Nombre990,LIC-EJDE-17,8496.3,3649.75,4846.55,1719.05,2
991,Nombre991,LIC-ADME-18,14467.58,9449.58,5018,0,0
992,Nombre992,LIC-EJCO-17,8515.16,8196.21,0,0,0
993,Nombre993,LIC-EJDE-17,8401.02,4231.02,4170,0,0
994,Nombre994,LIC-EJAD-17,8547.35,3054.5,5492.85,1948.35,2
995,Nombre995,LIC-MEES-18,14159.6,5802,8357.6,2965.6,2
996,Nombre996,MAE-MERD-15,25460,19028,6432,0,0
997,Nombre997,LIC-EJCO-17,8517.1,3024.25,5492.85,1948.35,2
998,Nombre998,LIC-EJAD-17,8496.3,3649.75,4846.55,1719.05,2
999,Nombre999,LIC-EJCO-17,8340,4796.25,3543.75,0,0
1000,Nombre1000,LIC-EJCO-17,,2086,0,,
1001,Nombre1001,LIC-EJDE-17,8517.1,3024.25,5492.85,1948.35,2
1002,Nombre1002,LIC-EJDE-17,8400.47,5481.97,2918.5,0,0
1003,Nombre1003,LIC-COFI-18,14197.61,6362.31,7835.3,2780.3,2
1004,Nombre1004,LIC-DSGD-18,54.81,3834.81,0,0,0
1005,Nombre1005,LIC-EJAD-12,12079.96,9223.96,2856,570.5,3
1006,Nombre1006,LIC-EDFI-18,13984.4,8203.2,5781.2,1038.4,2
1007,Nombre1007,M03-EDUC-15,10089,5045,5044,0,0
1008,Nombre1008,LIC-SYSC-18,13963.3,8908.3,5055,0,0
1009,Nombre1009,LIC-EJME-17,14823.49,6617.49,8206,750.1,2
1010,Nombre1010,MAE-MADN-15,15279.79,7711.79,7568,0,0
1011,Nombre1011,MAE-JUIC-15,15136,7569,7568,0,0
1012,Nombre1012,LIC-EJCO-17,9792,9543.63,0,0,0
1013,Nombre1013,LIC-EJDE-17,8895.5,2432,6463.5,2293.5,2
1014,Nombre1014,LIC-EJDE-17,300,2518,0,0,0
1015,Nombre1015,LIC-EJDE-17,9634,5823.6,3810.4,0,0
1016,Nombre1016,LIC-DERE-18,14290,10700,3590,0,0
1017,Nombre1017,LIC-EJCO-17,9587,4985.67,4601.33,0,0
1018,Nombre1018,LIC-COFI-15,21854.5,2247,19607.5,8617.5,5
1019,Nombre1019,LIC-EJAD-12,7005,3813,3192,0,0
1020,Nombre1020,LIC-EJAD-17,9998.47,9206.17,792.3,0,0
1021,Nombre1021,LIC-CTCO-15,17730,8330,9400,750.48,2
1022,Nombre1022,LIC-ITIC-15,14303.9,3798,10505.9,3727.9,3
1023,Nombre1023,LIC-COFI-15,18871.94,18261.92,0.34,0.34,1
1024,Nombre1024,LIC-FICO-10,6879,6725,0,0,0
1025,Nombre1025,LIC-COFI-18,14116,13687.41,0,0,0
1026,Nombre1026,LIC-EJAD-17,14240.7,3132,11108.7,3892.7,5
1027,Nombre1027,LIC-MERC-10C,7011.8,4273,2738.8,1022.8,3
1028,Nombre1028,MAE-MADN-15,15680.66,15542.98,0,0,0
1029,Nombre1029,LIC-DIGD-10,5408,0,5408,0,0
1030,Nombre1030,LIC-EJME-17,801.26,3018.33,0,0,0
1031,Nombre1031,LIC-EJAD-12,13979,6549,7430,0,0
1032,Nombre1032,LIC-DAEM-11,15354,4936.8,10417.2,3696.2,2
1033,Nombre1033,LIC-DIGD-10,4720.9,1284,3437.4,1145.8,1
1034,Nombre1034,LIC-ADME-18,14944.2,4305,10639.2,3775.2,3
1035,Nombre1035,LIC-ADEM-10C,8841.7,3798,5043.7,1789.7,3
1036,Nombre1036,LIC-ADTU-10,9153,8844,0.48,0.48,1
1037,Nombre1037,LIC-EJAD-17,9089.6,2218,6871.6,2437.6,2
1038,Nombre1038,LIC-EJAD-17,9981.8,6747.95,3233.85,481.65,2
1039,Nombre1039,LIC-CTCO-15,18342,8688,9654,0,0
1040,Nombre1040,LIC-EJAD-17,9325.8,4782,4543.8,1218.3,2
1041,Nombre1041,L03-DERE-13,9440.75,4120.67,5320.08,1888.08,3
1042,Nombre1042,LIC-SYSC-18,17947,9367,8580,0.48,1
1043,Nombre1043,LIC-EJDE-12,8813.7,2218,6595.7,2339.7,2
1044,Nombre1044,LIC-EJAD-12,3813,3718.01,0,0,0
1045,Nombre1045,LIC-EJAD-17,,2517.47,0,,
1046,Nombre1046,MAE-EDUC-15,12201.6,7045.4,5156.2,1924.4,3
1047,Nombre1047,LIC-EJAD-12,12258.3,8961,3297.3,1169.3,2
1048,Nombre1048,LIC-COFI-15,17063.29,7285.29,9778,0.34,1
1049,Nombre1049,LIC-EJDE-17,8868,4434,4434,0,0
1050,Nombre1050,LIC-EJDE-17,0,0,0,0,0
1051,Nombre1051,LIC-EJDE-12,20033.9,11788.8,8245.1,2925.1,2
1052,Nombre1052,LIC-EJME-17,8604.85,2144.92,6459.93,2291.93,2
1053,Nombre1053,LIC-DAEM-15,16965,9293.37,7671.63,750,1
1054,Nombre1054,LIC-DSGD-15,16965,7937,9028,750.34,2
1055,Nombre1055,LIC-DSGD-15,15891,13932.48,1350,450,1
1056,Nombre1056,LIC-DAEM-15,17100.88,9229.56,7871.32,0,0
1057,Nombre1057,LIC-COFI-15,13965,7187,6778,0.34,1
1058,Nombre1058,LIC-DAEM-15,17283.6,5157.9,12125.7,4254.38,4
1059,Nombre1059,LIC-EJAD-12,10956,5240,5716,0.5,1
1060,Nombre1060,LIC-DERE-15,17603.9,4848,12755.9,4477.9,4
1061,Nombre1061,LIC-MEES-15,14303.9,3798,10505.9,3727.9,3
1062,Nombre1062,LIC-DAEM-15,18653.9,3798,14855.9,5677.9,6
1063,Nombre1063,LIC-DSGD-15,13965,7187,6778,0.34,1
1064,Nombre1064,LIC-COFI-15,17303.9,3798,13505.9,5227.9,5
1065,Nombre1065,LIC-DERE-15,15315,7637,7678,0.34,1
1066,Nombre1066,LIC-EJCO-17,9766.2,2382,7384.2,2620.2,3
1067,Nombre1067,LIC-DSGD-15,14303.9,3798,10505.9,3727.9,3
1068,Nombre1068,LIC-ADTU-10,15660,8147.9,7512.1,0.34,1
1069,Nombre1069,LIC-ADTU-10,17541,13932.02,3000.34,1500.34,3
1070,Nombre1070,LIC-EJDE-17,0,0,0,0,0
1071,Nombre1071,LIC-DERE-15,17195.17,8167.17,9028,750.34,2
1072,Nombre1072,MAE-JUIC-15,15245.74,7677.74,7568,0,0
1073,Nombre1073,LIC-EJAD-17,10956,5240,5716,0.5,1
1074,Nombre1074,MAE-JUIC-15,15136,7568,7568,0,0
1075,Nombre1075,LIC-EJDE-17,9528,9098,1.33,0.5,1
1076,Nombre1076,LIC-EJCO-17,12528,6229.2,6298.8,750,1
1077,Nombre1077,LIC-ADME-15,18315,7937,10378,1200.34,3
1078,Nombre1078,LIC-COFI-15,22857.5,3798,19059.5,7169.5,6
1079,Nombre1079,LIC-EJCO-17,12528,6264,6264,0.5,1
1080,Nombre1080,LIC-EJDE-17,12634,12205.7,0,0,0
1081,Nombre1081,LIC-EJDE-17,3000,0,3000,1500,2
1082,Nombre1082,LIC-EJCO-17,11683.86,4826.46,6857.4,0,0
1083,Nombre1083,LIC-EJDE-17,10903.1,2311,8592.1,3048.1,2
1084,Nombre1084,LIC-COFI-15,17275,13652,3000.47,1500.47,3
1085,Nombre1085,LIC-ADME-18,18585.12,9407.12,9178,750.47,2
1086,Nombre1086,LIC-EJAD-17,12856,6236.12,6619.88,0,0
1087,Nombre1087,LIC-EJME-17,8336,4168,4168,0,0
1088,Nombre1088,LIC-EJCO-17,8796,6244.2,2551.8,0,0
1089,Nombre1089,LIC-EJDE-17,8457.2,2127,6330.2,2246.2,3
1090,Nombre1090,LIC-EJAD-17,8796,8019.23,424.56,0,0
1091,Nombre1091,LIC-CTCO-18,14541,14236.74,0,0,0
1092,Nombre1092,LIC-COFI-18,13882,8603.99,5278.01,0,0
1093,Nombre1093,LIC-CTCO-18,14251.24,7353.24,6898,0.11,1
1094,Nombre1094,LIC-DSGD-18,14112.9,6954.2,7158.7,2540.1,2
1095,Nombre1095,LIC-DERE-18,14373.9,1885.49,12488.41,5590.41,4
1096,Nombre1096,MAE-MERD-15,15136,7568,7568,0,0
1097,Nombre1097,LIC-ADME-18,14661.9,3801,10860.9,3962.9,4
1098,Nombre1098,LIC-DERE-18,14332,7434,6898,0.11,1
1099,Nombre1099,LIC-DSGD-18,14413.47,9164.97,5248.5,0,0
1100,Nombre1100,LIC-DSGD-18,13821.21,7882.3,5938.91,1320.31,2
1101,Nombre1101,LIC-SYSC-18,347,347,0,0,0
1102,Nombre1102,LIC-EJCO-17,10902,7026.2,3875.8,0,0
1103,Nombre1103,LIC-EDFI-18,14413.47,9164.97,5248.5,0,0
1104,Nombre1104,LIC-DERE-18,15013.72,13970.06,450.11,150.11,2
1105,Nombre1105,LIC-CTCO-18,13701.21,7104.1,6597.11,0.11,1
1106,Nombre1106,LIC-CTCO-18,13923.9,3697.2,10226.7,3628.7,3
1107,Nombre1107,LIC-EJME-17,9458.6,2308.2,7150.4,2536.4,2
1108,Nombre1108,LIC-ADME-18,13958.42,9240.42,4718,0,0
1109,Nombre1109,LIC-EJCO-17,9228,4614,4614,0,0
1110,Nombre1110,LIC-EJAD-17,8873.5,2410,6463.5,2293.5,2
1111,Nombre1111,LIC-SYSC-18,13882,7944.4,5937.6,0,0
1112,Nombre1112,LIC-EJDE-17,9746.7,2364.85,7381.85,2767.85,3
1113,Nombre1113,LIC-MEES-18,14373.9,3697,10676.9,3778.9,4
1114,Nombre1114,LIC-DERE-18,14079.9,7944.6,6135.3,2176.5,2
1115,Nombre1115,LIC-EDFI-18,13995,7433,6562,0,0
1116,Nombre1116,LIC-EJDE-17,9516,5363.8,4152.2,0,0
1117,Nombre1117,LIC-EJDE-17,9516,5594.2,3921.8,0,0
1118,Nombre1118,LIC-ADME-18,14044,6499,5604,0.11,1
1119,Nombre1119,LIC-EJDE-17,9458.7,2307.5,7151.2,2537.2,2
1120,Nombre1120,LIC-DERE-18,13796.88,7198.88,6598,0,0
1121,Nombre1121,LIC-EDFI-18,14044,13000.99,450.11,150.11,2
1122,Nombre1122,LIC-EJCO-17,9228,5998.4,3229.6,0,0
1123,Nombre1123,LIC-EJDE-17,11997,5537,6460,0,0
1124,Nombre1124,LIC-MEES-18,14620,7722.49,6897.51,0,0
1125,Nombre1125,MAE-JUIC-15,15136,7568,7568,0,0
1126,Nombre1126,LIC-EJCO-17,9228,8814.02,0,0,0
1127,Nombre1127,LIC-EJAD-17,9458.6,2308,7150.6,2536.6,2
1128,Nombre1128,LIC-ADTU-10,13796.89,7198.89,6598,0.11,1
1129,Nombre1129,LIC-DERE-18,13676.56,8596.79,5079.77,0,0
1130,Nombre1130,LIC-EJCO-17,9458.7,2307.24,7151.46,2537.46,2
1131,Nombre1131,MAE-JUIC-15,9952,6868,3084,0,0
1132,Nombre1132,LIC-EJCO-17,9228,5306.85,3921.15,0,0
1133,Nombre1133,MAE-MERD-15,15136,3784,11352,3784,1
1134,Nombre1134,LIC-DAEM-15,14244.75,13686.57,0,0,0
1135,Nombre1135,LIC-EJAD-17,8368.4,5302.47,3795.33,356.73,2
1136,Nombre1136,LIC-EJAD-17,8826.1,2456.08,6370.02,2327.06,3
1137,Nombre1137,LIC-EJDE-17,8624,4873.6,3750.4,0,0
1138,Nombre1138,LIC-EJDE-17,8729.05,5394.65,3334.4,0,0
1139,Nombre1139,LIC-EJDE-17,8336,5210.65,3125.35,0,0
1140,Nombre1140,MAE-EDUC-15,16976,8488,8488,0,0
1141,Nombre1141,LIC-EJAD-17,8624,4456,4168,0,0
1142,Nombre1142,MAE-MERD-15,15136,15136,0,0,0
1143,Nombre1143,MAE-MADN-15,15136,7568,7568,0,0
1144,Nombre1144,LIC-EJAD-17,,1995,0,,
1145,Nombre1145,LIC-EJCO-17,8643.9,2963.6,5680.3,2083.1,3
1146,Nombre1146,LIC-EJDE-17,10024,5960.2,4063.8,0,0
1147,Nombre1147,MAE-EDUC-15,11827.84,10006.16,1821.68,646.48,3
1148,Nombre1148,LIC-COFI-18,14955.64,5936.84,9018.8,3783.8,4
1149,Nombre1149,LIC-DSGD-18,14290,9384.14,4905.86,0,0
1150,Nombre1150,LIC-DSGD-18,13840,13336.17,0.54,0,0
1151,Nombre1151,LIC-CTCO-18,14340,13284,450,150,1
1152,Nombre1152,LIC-DERE-18,14290,8068.2,6221.8,0,0
1153,Nombre1153,LIC-DSGD-18,14290,13396.01,450,150,1
1154,Nombre1154,LIC-DSGD-18,14290,13366.31,450,150,1
1155,Nombre1155,LIC-EJDE-17,9952.11,5794.38,4157.73,0,0
1156,Nombre1156,LIC-CTCO-18,14290,13366.15,450.16,150,1
1157,Nombre1157,MAE-EDUC-15,11752,7051.48,4700.52,0,0
1158,Nombre1158,LIC-DSGD-18,13840,8247.8,5592.2,0,0
1159,Nombre1159,LIC-DSGD-18,14128,8535.8,5592.2,0,0
1160,Nombre1160,LIC-DSGD-18,13840,8247.8,5592.2,0,0
1161,Nombre1161,MAE-JUIC-15,,3252,0,,
1162,Nombre1162,LIC-DSGD-18,14290,8726.16,5563.84,0,0
1163,Nombre1163,LIC-EJDE-17,407.3,2486.57,0,0,0
1164,Nombre1164,LIC-EJDE-17,9528,5601.01,3926.99,0,0
1165,Nombre1165,LIC-EJAD-17,10277,6728.8,3548.2,0,0
1166,Nombre1166,LIC-SYSC-18,14578,9343.9,5234.1,0,0
1167,Nombre1167,LIC-DERE-18,14290,9055,5235,0,0
1168,Nombre1168,LIC-EJME-17,9798.7,3596.54,6202.16,2275.16,3
1169,Nombre1169,LIC-EJDE-17,9528,5832,3696,0,0
1170,Nombre1170,MAE-EDUC-15,11752,8323.7,3428.3,0,0
1171,Nombre1171,LIC-SYSC-18,14290,13455.37,450,150,1
1172,Nombre1172,LIC-DERE-18,14290,9384.53,4905.47,0,0
1173,Nombre1173,LIC-COFI-18,14578,8685.56,5892.44,0,0
1174,Nombre1174,LIC-DSGD-18,13840,13307.35,0,0,0
1175,Nombre1175,LIC-DERE-18,14290,10042.53,4247.47,0,0
1176,Nombre1176,LIC-DAEM-15,14553.2,5760.3,8792.9,3228.9,4
1177,Nombre1177,LIC-ADME-18,14578,9343.54,5234.46,0,0
1178,Nombre1178,LIC-DSGD-18,14576.57,7594.94,6981.63,2075.63,3
1179,Nombre1179,LIC-DERE-18,14290,9055.9,5234.1,0,0
1180,Nombre1180,LIC-EJME-17,347,347,0,0,0
1181,Nombre1181,LIC-EJCO-17,,1039.75,0,,
1182,Nombre1182,LIC-DERE-18,13840,9892.12,3947.88,0,0
1183,Nombre1183,LIC-EJDE-17,9528,6063,3465,0,0
1184,Nombre1184,LIC-EJDE-17,9643.4,6064,3579.4,1269.4,2
1185,Nombre1185,LIC-EJCO-17,9528,6987.65,2540.35,0,0
1186,Nombre1186,MAE-MADN-15,15510.4,8797.5,6712.9,2505.4,3
1187,Nombre1187,LIC-EJCO-17,9528,6063.01,3464.99,0,0
1188,Nombre1188,LIC-EJDE-17,12477.9,6849.4,5628.5,2071.1,3
1189,Nombre1189,LIC-EJDE-17,9667.1,5614,4053.1,1512.1,3
1190,Nombre1190,LIC-EJME-17,9528,6525.46,3002.54,0,0
1191,Nombre1191,LIC-EJDE-17,576,1963,0,0,0
1192,Nombre1192,LIC-EJDE-17,9701.3,4184,5517.3,2052.3,3
1193,Nombre1193,MAE-MADN-15,847,847,0,0,0
1194,Nombre1194,LIC-EJAD-17,9720.9,5782.58,3938.32,1397.32,2
1195,Nombre1195,MAE-DEMP-10,15491.2,9563,5928.2,2103.2,2
1196,Nombre1196,MAE-DEMP-10,25837.96,18333.96,7504,0,0
1197,Nombre1197,LIC-EJDE-17,8340,4796.25,3543.75,0,0
1198,Nombre1198,LIC-EJDE-17,,2086,0,,
1199,Nombre1199,LIC-EJAD-17,8340,5212.75,3127.25,0,0
1200,Nombre1200,LIC-EJAD-17,8424.64,4671.64,3753,0,0
1201,Nombre1201,LIC-ADME-18,54.81,3834.81,0,0,0
1202,Nombre1202,LIC-EJDE-17,8340,4796.25,3543.75,0,0
1203,Nombre1203,LIC-EJCO-17,8370.25,4826.5,3543.75,0,0
1204,Nombre1204,LIC-COFI-18,14630.71,6867.81,7762.9,2744.9,3
1205,Nombre1205,LIC-COFI-18,14180.71,6867.81,7312.9,2594.9,2
1206,Nombre1206,MAE-MADN-15,25748,19316,6432,0,0
1207,Nombre1207,LIC-EJAD-17,8546.47,4021.97,4524.5,1605.5,2
1208,Nombre1208,LIC-DSGD-18,14125.9,6813,7312.9,2594.9,2
1209,Nombre1209,LIC-EJAD-17,8400.47,5481.97,2918.5,0,0
1210,Nombre1210,LIC-EJAD-17,8547.35,3054.5,5492.85,1948.35,2
1211,Nombre1211,LIC-ADME-18,14018.19,9637.19,4381,0,0
1212,Nombre1212,LIC-EJDE-17,8547.35,3054.5,5492.85,1948.35,2
1213,Nombre1213,LIC-EJDE-17,-31.4,3024.25,-3055.65,-2430.15,3
1214,Nombre1214,LIC-EDFI-18,14412.85,10068.85,4344,0,0
1215,Nombre1215,LIC-EJAD-17,8547.35,3054.5,5492.85,1948.35,2
1216,Nombre1216,LIC-EJCO-17,8546.47,4021.97,4524.5,1605.5,2
1217,Nombre1217,LIC-EJAD-17,8517.1,3024.25,5492.85,1948.35,2
1218,Nombre1218,LIC-CTCO-18,13944.81,7204.81,6740,0,0
1219,Nombre1219,LIC-EJDE-17,8400.47,5606.62,2793.85,0,0
1220,Nombre1220,LIC-EJAD-17,8400.47,5481.97,2918.5,0,0
1221,Nombre1221,LIC-EJDE-17,8400.47,5481.97,2918.5,0,0
1222,Nombre1222,MAE-EDUC-15,22.19,3082.19,0,0,0
1223,Nombre1223,LIC-EJDE-17,8490.9,2963.96,5526.94,1988.9,3
1224,Nombre1224,LIC-EJAD-17,10075,3873.4,6201.6,2200,2
1225,Nombre1225,MAE-MADN-15,15136,7568,7568,0,0
1226,Nombre1226,MAE-DEMP-10,15136,3784,11352,3784,1
1227,Nombre1227,LIC-ADME-18,14340,9322,5018,0,0
1228,Nombre1228,MAE-EDUC-15,19604.4,12648,6956.4,2468.4,2
1229,Nombre1229,LIC-ADME-18,14992.32,4545.32,10447,3707,2
1230,Nombre1230,LIC-EJDE-12,4445,3993.9,451.1,0,0
1231,Nombre1231,MAE-MADN-15,16507.21,7306.98,9200.23,3264.73,3
1232,Nombre1232,LIC-EJAD-17,8895.5,1435,7460.5,3290.5,3
1233,Nombre1233,MAE-EDUC-15,,1224,0,,
1234,Nombre1234,LIC-ADEM-10C,1350,3683,1350,450,1
1235,Nombre1235,LIC-EJAD-17,9746.7,2018.93,7727.77,3113.77,3
1236,Nombre1236,LIC-EJDE-12,17342,17342,0,0,0
1237,Nombre1237,MAE-EDUC-15,11751.7,7345.2,4406.5,0,0
1238,Nombre1238,LIC-EJDE-17,9240,5544.24,3695.76,0,0
1239,Nombre1239,LIC-ADME-18,15077,11503,3574,0.48,1
1240,Nombre1240,LIC-EJAD-17,8868,4434,4434,0,0
1241,Nombre1241,LIC-EJAD-12,8974,4540.87,4433.13,0,0
1242,Nombre1242,LIC-DAEM-11,12488,0,12488,3122,1
1243,Nombre1243,LIC-COFI-18,19302.6,4326,14976.6,5304.6,4
1244,Nombre1244,LIC-DIGD-10,15734.5,4652,11082.5,3932.5,4
1245,Nombre1245,LIC-EJDE-12,10541,10541,0,0,0
1246,Nombre1246,L03-EJCO-13,10809.9,2565,8244.9,2924.9,2
1247,Nombre1247,LIC-MEES-18,17833.2,10033.25,7799.95,1922.95,3
1248,Nombre1248,LIC-EJDE-12,16242,16242,0,0,0
1249,Nombre1249,LIC-EJDE-12,106,106,0,0,0
1250,Nombre1250,LIC-EJDE-15,11400,5700,5699.1,0,0
1251,Nombre1251,LIC-EJAD-12,11400,7828.33,3571.67,0,0
1252,Nombre1252,LIC-EJAD-12,9156,6052.4,3103.6,0,0
1253,Nombre1253,LIC-DAEM-15,16965,15149.92,1500,0,0
1254,Nombre1254,LIC-DSGD-15,19351,9539,9812,0.47,1
1255,Nombre1255,LIC-ADME-18,500,500,0,0,0
1256,Nombre1256,LIC-EJAD-17,14488.5,4764.5,9724,0.5,1
1257,Nombre1257,LIC-MEES-15,16965,9093.9,7871.1,0,0
1258,Nombre1258,LIC-PSIO-15,16965,13392.9,3000,1500,2
1259,Nombre1259,LIC-CTCO-18,14589,8754.97,5834.03,0,0
1260,Nombre1260,LIC-CTCO-15,14283.6,4407.9,9875.7,3504.38,3
1261,Nombre1261,LIC-EJCO-17,8572,8186.01,0.29,0,0
1262,Nombre1262,LIC-EJDE-17,12316,7195.95,5120.05,0,0
1263,Nombre1263,LIC-ITIC-15,13965,7187,6778,0.34,1
1264,Nombre1264,LIC-DERE-15,16965,12225.39,4343.07,750,1
1265,Nombre1265,LIC-DERE-15,16965,16355.47,0,0,0
1266,Nombre1266,LIC-DERE-15,14273.9,4097.66,10176.24,3398.24,2
1267,Nombre1267,LIC-DSGD-18,15999,7865,8134,0.34,1
1268,Nombre1268,LIC-DSGD-15,13964.66,7186.66,6778,0,0
1269,Nombre1269,LIC-EJDE-17,9528,4764,4764,0.5,1
1270,Nombre1270,LIC-EJAD-17,12528,6264,6264,0.5,1
1271,Nombre1271,LIC-EJAD-17,9528,4764,4764,0.5,1
1272,Nombre1272,LIC-EJAD-17,9528,4764,4764,0.5,1
1273,Nombre1273,LIC-EJDE-17,12640.58,6376.58,6264,0.5,1
1274,Nombre1274,LIC-DAEM-15,16965,10649,6316,750,1
1275,Nombre1275,LIC-EJAD-17,12528,6943.4,5584.6,750,1
1276,Nombre1276,LIC-MEES-15,13965,7187,6778,0.34,1
1277,Nombre1277,LIC-EJCO-17,9528,4764.5,4763.5,0,0
1278,Nombre1278,LIC-EJDE-17,9528,4812.29,4715.71,0,0
1279,Nombre1279,LIC-EJME-17,9597.07,9167.81,429.26,0.5,1
1280,Nombre1280,LIC-EJDE-17,12172.77,5704.77,6468,0,0
1281,Nombre1281,LIC-ADME-15,0,0,0,0,0
1282,Nombre1282,LIC-EJDE-17,8896.86,5896.66,3000.2,0,0
1283,Nombre1283,LIC-EJCO-17,11739.79,5953.79,5786,0.18,1
1284,Nombre1284,LIC-EJCO-17,3000,0,3000,1500,2
1285,Nombre1285,LIC-EJCO-17,8634.15,4348.15,4286,0.18,1
1286,Nombre1286,LIC-EJDE-17,10374.46,3999.19,6375.27,2261.67,2
1287,Nombre1287,LIC-EJME-17,9965.37,5851.77,4113.6,0,0
1288,Nombre1288,LIC-EJDE-17,13113,2633,10219.6,3577.6,4
1289,Nombre1289,LIC-EJME-17,8572,4286.02,4285.98,0.18,1
1290,Nombre1290,LIC-EJDE-17,8890,8786.52,0,0,0
1291,Nombre1291,LIC-EJDE-17,9241.4,3894.22,5347.18,1731.28,2
1292,Nombre1292,LIC-DERE-18,14673.9,3813,10860.9,3962.9,4
1293,Nombre1293,LIC-DSGD-18,14031.11,3804.1,10227.01,3629.01,3
1294,Nombre1294,LIC-DERE-18,13840,8576.16,5263.84,0,0
1295,Nombre1295,LIC-DERE-18,13594,6996,6598,0.11,1
1296,Nombre1296,LIC-DERE-18,14044,8502.04,5541.96,0,0
1297,Nombre1297,LIC-DAEM-15,14332,13947.03,0,0,0
1298,Nombre1298,LIC-DERE-18,13796.89,7198.89,6598,0.11,1
1299,Nombre1299,LIC-MEES-18,13662.31,9374.19,4288.12,0,0
1300,Nombre1300,LIC-ADTU-10,14044,7146,6898,0.11,1
1301,Nombre1301,LIC-CTCO-18,14332,9414.2,4917.8,0,0
1302,Nombre1302,LIC-COFI-18,13594,10498.14,4745.36,0,0
1303,Nombre1303,LIC-EJCO-17,9412.5,3691.6,5720.9,2029.7,2
1304,Nombre1304,LIC-DERE-18,14044,7146,6898,0.11,1
1305,Nombre1305,LIC-EJME-17,10694.27,5156.27,5538,0,0
1306,Nombre1306,LIC-EDFI-18,11169,6419,4750,0.11,1
1307,Nombre1307,LIC-CTCO-18,14373.9,3697,10676.9,3778.9,4
1308,Nombre1308,LIC-DERE-18,13882,7944.4,5937.6,0,0
1309,Nombre1309,LIC-EJDE-17,9516,5271.7,4244.3,0,0
1310,Nombre1310,LIC-DSGD-18,14223.9,3997,10226.9,3628.9,3
1311,Nombre1311,LIC-EDFI-18,14044,7146,6898,0.11,1
1312,Nombre1312,LIC-COFI-18,13882,9924.09,3957.91,0,0
1313,Nombre1313,LIC-DERE-18,14373.9,3697,10676.9,3778.9,4
1314,Nombre1314,LIC-COFI-18,14015.5,5555.92,8459.58,3049.22,3
1315,Nombre1315,LIC-DERE-18,13594,6996,6598,0,0
1316,Nombre1316,LIC-EJDE-17,9804,5328.84,4475.16,0,0
1317,Nombre1317,LIC-COFI-18,14373.9,3696.89,10677.01,3779.01,4
1318,Nombre1318,LIC-EJCO-17,9240,4620,4620,0,0
1319,Nombre1319,MAE-EDUC-15,15136,11352,3784,0,0
1320,Nombre1320,LIC-DSGD-18,13882,13437.51,0,0,0
1321,Nombre1321,LIC-COFI-18,13914.46,11370.76,2038.94,0,0
1322,Nombre1322,LIC-EJAD-17,9401,3923,5478,2017.5,3
1323,Nombre1323,LIC-DSGD-18,14190.28,13035.65,679.56,0,0
1324,Nombre1324,MAE-EDUC-15,15136,7568,7568,0,0
1325,Nombre1325,MAE-MADN-15,15355.48,7787.48,7568,0,0
1326,Nombre1326,LIC-EJME-17,9528,5601.01,3926.99,0,0
1327,Nombre1327,MAE-JUIC-15,15424,6772,11352,3784,1
1328,Nombre1328,MAE-EDUC-15,15136,7860,7276.48,0,0
1329,Nombre1329,LIC-ADME-18,14314.5,5293.87,9020.63,3310.27,4
1330,Nombre1330,LIC-EJAD-17,9654.3,5364.34,4289.96,1521.56,2
1331,Nombre1331,LIC-EDFI-18,14241.9,7656.6,6585.3,2326.5,3
1332,Nombre1332,LIC-EJDE-17,9228,5768,3460,0,0
1333,Nombre1333,LIC-EJAD-17,8716.51,6215.71,2500.8,0,0
1334,Nombre1334,LIC-EJAD-17,8624,5082.14,3541.86,0,0
1335,Nombre1335,LIC-EJAD-17,8801,3311.08,5489.92,1947.12,2
1336,Nombre1336,LIC-DERE-18,14241,7247.53,6993.47,0,0
1337,Nombre1337,LIC-EJCO-17,8336,5210,3126,0,0
1338,Nombre1338,LIC-EJCO-17,8336,5335.08,3000.92,0,0
1339,Nombre1339,LIC-ADME-18,16569.3,6159.6,10409.7,3684.1,3
1340,Nombre1340,LIC-EJDE-17,8675.6,971.35,7704.25,3472.25,3
1341,Nombre1341,LIC-EJCO-17,9022.5,2464,6558.5,2326.5,2
1342,Nombre1342,LIC-EJCO-17,8643.8,3068.61,5575.19,1977.99,2
1343,Nombre1343,MAE-MERD-15,16116,9231.64,6884.36,0,0
1344,Nombre1344,LIC-EJDE-17,8464,4232.01,4231.99,0,0
1345,Nombre1345,LIC-EJCO-17,8643.9,2963.6,5680.3,2083.1,3
1346,Nombre1346,LIC-EJCO-17,8464,5078.8,3385.2,0,0
1347,Nombre1347,MAE-EDUC-15,15606,4032,11574,5454,3
1348,Nombre1348,MAE-DEMP-10,15779.2,9851,5928.2,2103.2,2
1349,Nombre1349,LIC-DSGD-18,14578,8685.05,5892.95,0,0
1350,Nombre1350,LIC-DERE-18,14578,7698,6880,0,0
1351,Nombre1351,LIC-DSGD-18,14569.6,5451.42,9118.18,3225.18,3
1352,Nombre1352,LIC-EJME-17,9528,5370.5,4157.5,0,0
1353,Nombre1353,LIC-MEES-18,14290,8068.62,6221.38,0,0
1354,Nombre1354,LIC-COFI-18,14128,8535.56,5592.44,0,0
1355,Nombre1355,LIC-DAEM-15,14290,8397.8,5892.2,0,0
1356,Nombre1356,LIC-DERE-18,13840,8247.7,5592.3,0,0
1357,Nombre1357,LIC-DAEM-15,14617.81,13664.46,450,150,1
1358,Nombre1358,LIC-EJDE-17,9528,5370,4158,0,0
1359,Nombre1359,LIC-EJDE-17,9735.9,3176.01,6559.89,2401.89,3
1360,Nombre1360,LIC-CTCO-18,13840,13395.99,0,0,0
1361,Nombre1361,LIC-COFI-18,14536.7,6438,8098.7,2863.7,3
1362,Nombre1362,LIC-EJCO-17,9528,5139,4389,0,0
1363,Nombre1363,MAE-EDUC-15,12065.23,11477.63,587.6,0,0
1364,Nombre1364,LIC-DERE-18,14191.64,5848.49,8343.15,3079.15,3
1365,Nombre1365,MAE-EDUC-15,12283.64,6480.44,5803.2,1885.7,2
1366,Nombre1366,LIC-DAEM-15,14553.2,5944.4,8608.8,3044.8,3
1367,Nombre1367,MAE-JUIC-15,15784.93,9282.43,6502.5,0,0
1368,Nombre1368,MAE-MADN-15,15300,14191.99,763.76,0,0
1369,Nombre1369,LIC-DERE-18,11935.4,5802,6133.4,741.4,2
1370,Nombre1370,LIC-EJCO-17,9528,6063.01,3464.99,0,0
1371,Nombre1371,LIC-EJDE-17,10914,7588.41,3325.59,0,0
1372,Nombre1372,LIC-EJCO-17,9528,6063.98,3464.02,0,0
1373,Nombre1373,MAE-EDUC-15,11752,7345.2,4406.8,0,0
1374,Nombre1374,LIC-EJME-17,9762.45,4223.68,5538.77,1842.77,2
1375,Nombre1375,LIC-COFI-18,15462.04,11788.84,4249.2,150,1
1376,Nombre1376,LIC-EJAD-17,9747.9,3188.01,6559.89,2401.89,3
1377,Nombre1377,LIC-EJAD-17,9724.4,3523,6201.4,2274.4,3
1378,Nombre1378,LIC-EJDE-17,9671.84,5617.89,4053.95,1512.95,3
1379,Nombre1379,LIC-EJAD-17,9735.9,3176.01,6559.89,2401.89,3
1380,Nombre1380,LIC-EDFI-18,14002,8767.9,5234.1,0,0
1381,Nombre1381,LIC-DAEM-15,,1325.59,0,,
1382,Nombre1382,LIC-EDFI-18,14053.9,7241.2,6812.7,2535.7,3
1383,Nombre1383,LIC-EJAD-17,11094.2,4719.1,6375.1,2771.5,3
1384,Nombre1384,LIC-EJDE-17,9528,6063,3465,0,0
1385,Nombre1385,MAE-MADN-15,15874.9,6791,9083.9,3346.4,3
1386,Nombre1386,MAE-DEMP-10,15491.2,9563,5928.2,2103.2,2
1387,Nombre1387,LIC-COFI-18,14829.08,8585.58,6243.5,2324.5,4
1388,Nombre1388,LIC-EJDE-17,9712.8,3868.76,5844.04,2148.04,3
1389,Nombre1389,MAE-EDUC-15,11752,7639.6,4112.4,0,0
1390,Nombre1390,LIC-EJDE-17,9528,9198.01,0,0,0
1391,Nombre1391,LIC-EJDE-17,9528,7218.65,2309.35,0,0
1392,Nombre1392,LIC-DSGD-18,14507.3,7153.81,7353.49,2646.89,4
1393,Nombre1393,LIC-EJDE-17,12300,8743.55,3556.45,0,0
1394,Nombre1394,LIC-SYSC-18,13840,12748,677.52,0,0
1395,Nombre1395,LIC-EJAD-17,9528,6756.18,2771.82,0,0
1396,Nombre1396,LIC-EJME-17,9712.8,3869.01,5843.79,2147.79,3
1397,Nombre1397,LIC-EJCO-17,9963.95,5575.22,4388.73,0,0
1398,Nombre1398,MAE-DEMP-10,15862.22,9149.32,6712.9,2505.4,3
1399,Nombre1399,LIC-EJDE-17,9646.9,5474.2,4172.7,1308.3,2
1400,Nombre1400,MAE-MADN-15,15511.86,15167.6,0.01,0,0
1401,Nombre1401,LIC-DERE-18,14515.2,8965.8,5549.4,1959.4,3
1402,Nombre1402,LIC-DSGD-18,14340,13466,450,150,1
1403,Nombre1403,LIC-DERE-18,14159.6,5802,8357.6,2965.6,2
1404,Nombre1404,MAE-EDUC-15,19645.2,10761,8884.2,3580.2,3
1405,Nombre1405,LIC-EJCO-17,8400.47,5481.97,2918.5,0,0
1406,Nombre1406,MAE-JUIC-15,25506.63,24734.79,771.84,0,0
1407,Nombre1407,MAE-JUIC-15,25806.29,18838.29,6968,0,0
1408,Nombre1408,LIC-COFI-18,14092.2,7824,6268.2,2224.2,2
1409,Nombre1409,LIC-EJDE-17,8431.48,4886.98,3544.5,0,0
1410,Nombre1410,LIC-EJCO-17,0.37,3947.27,-3606.9,-2405.7,3
1411,Nombre1411,LIC-EJDE-17,8400.47,2145.47,8340,4170,2
1412,Nombre1412,LIC-EJAD-12,10530,8631,1899,633,1
1413,Nombre1413,MAE-MADN-15,25808.4,14137,11671.4,4703.4,3
1414,Nombre1414,LIC-EJAD-17,10000.9,4305,5695.9,691.9,2
1415,Nombre1415,LIC-EJCO-17,9597.09,4833.09,4764,0.5,1
1416,Nombre1416,LIC-REHU-08,500,500,0,0,0
1417,Nombre1417,LIC-EJCO-17,9525.61,2374.15,7151.46,2537.46,2
1418,Nombre1418,LIC-EJDE-17,14083.9,3656.86,10427.04,3774.24,3
1419,Nombre1419,MAE-MERD-15,15245.74,3893.74,11352,3784,1
1420,Nombre1420,LIC-EJDE-17,12013.72,4829.32,7184.4,1346.4,2
1421,Nombre1421,LIC-EJAD-17,14541.8,3432,11109.8,3893.8,4
1422,Nombre1422,LIC-PSIO-10,17448,17448,0,0,0
1423,Nombre1423,LIC-EJDE-17,9005.52,8686.71,0,0,0
1424,Nombre1424,LIC-PSIO-10,12731,12731,0,0,0
1425,Nombre1425,LIC-EJCO-17,8895.5,2432,6463.5,2293.5,2
1426,Nombre1426,LIC-MEES-18,14073.1,13735.06,0.01,0,0
1427,Nombre1427,LIC-CTCO-10C,6135,6135,0,0,0
1428,Nombre1428,MAE-MERD-15,16338.3,10409.5,5928.8,2103.8,2
1429,Nombre1429,LIC-EJAD-12,738,738.51,0,0,0
1430,Nombre1430,LIC-FICO-10,4026.65,0,4026.65,2072.05,2
1431,Nombre1431,LIC-FICO-10,14440,10000,4440,0,0
1432,Nombre1432,LIC-DAEM-11,6743,6743,0,0,0
1433,Nombre1433,LIC-EJAD-12,11839.4,2217.07,9622.33,3414.33,2
1434,Nombre1434,L03-DERE-13,15291.2,4652,10639.2,3775.2,3
1435,Nombre1435,LIC-EJDE-17,8515.3,2217.6,6297.7,1919.7,3
1436,Nombre1436,LIC-EJDE-17,10197,4877,5320,0,0
1437,Nombre1437,LIC-COFI-18,16583,9433,7150,0.48,1
1438,Nombre1438,LIC-EJDE-12,16242,16242,0,0,0
1439,Nombre1439,LIC-EJAD-12,11400,5700,5700,0,0
1440,Nombre1440,LIC-ADME-15,16965,8005.65,8959.35,750,1
1441,Nombre1441,LIC-PSIO-15,16965,16392.89,0,0,0
1442,Nombre1442,LIC-COFI-15,16965,16356.48,0.34,0.34,1
1443,Nombre1443,LIC-CTCO-15,17283.6,4407.9,12875.7,5004.38,5
1444,Nombre1444,LIC-COFI-15,18653.9,3798,14855.9,5677.9,6
1445,Nombre1445,LIC-COFI-15,19047.3,13742.66,4694.57,1500.34,3
1446,Nombre1446,LIC-ITIC-15,15502.1,4848,10654.1,3732.1,4
1447,Nombre1447,LIC-EJME-17,17338,5495.68,11842.32,1286,1
1448,Nombre1448,LIC-EJDE-17,13086.51,11265.01,1500,0,0
1449,Nombre1449,LIC-DERE-15,17303.9,3798,13505.9,5227.9,5
1450,Nombre1450,LIC-EJDE-17,9527.5,4764,4763.5,0,0
1451,Nombre1451,LIC-EJDE-17,14025.07,6059.57,7965.5,750.5,2
1452,Nombre1452,LIC-EJDE-17,12634,6656.68,5977.32,0,0
1453,Nombre1453,LIC-EJAD-17,9528,4764.5,4763.5,0.5,1
1454,Nombre1454,LIC-CTCO-15,16965,8687,8278,0.34,1
1455,Nombre1455,LIC-DERE-15,14312,7534,6778,0.34,1
1456,Nombre1456,LIC-ADME-15,16181.47,9674.27,6507.2,0,0
1457,Nombre1457,LIC-EJDE-17,14193,2382,11811,4191,3
1458,Nombre1458,LIC-CTCO-15,16965,8687,8278,0.34,1
1459,Nombre1459,LIC-DERE-15,16965,7186.66,9778.34,0.34,1
1460,Nombre1460,LIC-COFI-18,14086.7,6438.15,7648.55,2713.55,2
1461,Nombre1461,LIC-EJCO-17,19528,14764,4764,0.5,1
1462,Nombre1462,LIC-DERE-15,16965,7937,9028,750.34,2
1463,Nombre1463,LIC-EJDE-17,14949,7014,7935,0.5,1
1464,Nombre1464,LIC-EJAD-17,14240.7,3132,11108.7,3892.7,5
1465,Nombre1465,LIC-DERE-15,21033,8902,11740,750.34,2
1466,Nombre1466,LIC-COFI-15,23609.3,3798,19811.3,7465.3,5
1467,Nombre1467,LIC-ADME-18,14063.29,7285.29,6778,0.34,1
1468,Nombre1468,LIC-EJAD-17,9528,9097.7,1.63,0,0
1469,Nombre1469,LIC-EJAD-17,9397.5,3916.03,5481.47,1732.43,2
1470,Nombre1470,LIC-EJDE-17,12701.36,6723.2,5978.16,0,0
1471,Nombre1471,LIC-CTCO-18,13885.4,3798,10087.4,3579.4,3
1472,Nombre1472,LIC-EJDE-17,13113,2893.8,10219.2,2827.2,3
1473,Nombre1473,LIC-EJDE-17,11967.1,5646,6321.1,2678.1,4
1474,Nombre1474,LIC-EJDE-17,13036.2,6394.2,6642,0.18,1
1475,Nombre1475,LIC-EJDE-17,8572,4286,4286,0.18,1
1476,Nombre1476,LIC-EJDE-17,11572,5786.6,5785.4,0.18,1
1477,Nombre1477,LIC-EJDE-17,12447.5,5798.8,6648.7,1908.3,2
1478,Nombre1478,LIC-EJDE-17,11809.39,11422.9,0.79,0.18,1
1479,Nombre1479,LIC-EJAD-17,0,0,0,0,0
1480,Nombre1480,LIC-EJCO-17,14143,8935.99,4821.31,750.18,2
1481,Nombre1481,LIC-EJDE-17,9452.43,9069.57,0.1,0.1,1
1482,Nombre1482,LIC-EJAD-17,8671.8,3552.85,5118.95,1843.37,3
1483,Nombre1483,LIC-EJCO-17,9804,8068.99,1382,0,0
1484,Nombre1484,LIC-ADME-18,13594,13001.48,0,0,0
1485,Nombre1485,LIC-EJCO-17,9294.87,4680.87,4614,0,0
1486,Nombre1486,LIC-CTCO-18,14044,13000.99,450.11,150.11,2
1487,Nombre1487,LIC-MEES-18,13594,6996,6598,0.11,1
1488,Nombre1488,LIC-MEES-18,13836.82,12623.64,678.73,0,0
1489,Nombre1489,LIC-ADME-18,13594,8844.32,4749.68,0,0
1490,Nombre1490,LIC-COFI-18,13594,6996,6598,0,0
1491,Nombre1491,LIC-MEES-18,13965.4,9215.54,4749.86,0,0
1492,Nombre1492,LIC-EJDE-17,9228,4614,4614,0,0
1493,Nombre1493,LIC-COFI-18,14044,7674.52,6369.48,0,0
1494,Nombre1494,LIC-EJAD-17,8675.5,2117,6558.5,2326.5,2
1495,Nombre1495,LIC-EJAD-17,9228,4614,4614,0,0
1496,Nombre1496,MAE-EDUC-15,15136,7568,7568,0,0
1497,Nombre1497,LIC-EDFI-18,14195,8287.59,5907.41,0,0
1498,Nombre1498,LIC-EDFI-18,14422.43,8184.23,6238.2,0,0
1499,Nombre1499,LIC-COFI-18,16141.18,8828.08,7313.1,0,0
1500,Nombre1500,LIC-EJCO-17,9516,4902,4614,0,0
1501,Nombre1501,LIC-ADME-18,12177.8,3997.8,8180,2902,3
1502,Nombre1502,LIC-DERE-18,13923.9,3697,10226.9,3628.9,3
1503,Nombre1503,MAE-JUIC-15,15136,7568,7568,0,0
1504,Nombre1504,LIC-EJAD-17,11190.8,2607.6,8583.2,3045.2,2
1505,Nombre1505,LIC-DAEM-15,13882,9923.6,3958.4,0,0
1506,Nombre1506,LIC-EJAD-17,9516,5502.42,4013.58,0,0
1507,Nombre1507,LIC-DSGD-18,13594,8315.99,5278.01,0,0
1508,Nombre1508,LIC-SYSC-18,11059.5,3697,7362.5,2612.5,3
1509,Nombre1509,MAE-EDUC-15,15136,7568,7568,0,0
1510,Nombre1510,LIC-COFI-18,14044,7146,6898,0.11,1
1511,Nombre1511,MAE-MADN-15,0,0,0,0,0
1512,Nombre1512,LIC-EDFI-18,14044,7146,6898,0.11,1
1513,Nombre1513,LIC-DERE-18,13594,6996,6598,0.11,1
1514,Nombre1514,LIC-EJAD-17,9516,5825.2,3690.8,0,0
1515,Nombre1515,LIC-EJCO-17,10947.77,2018.02,8929.75,3391.75,3
1516,Nombre1516,LIC-DAEM-15,14031.11,3804.1,10227.01,3629.01,3
1517,Nombre1517,MAE-MADN-15,15245.74,7677.74,7568,0,0
1518,Nombre1518,MAE-MADN-15,22813.74,8123.74,15136,0,0
1519,Nombre1519,LIC-EJME-17,9426.02,7303.36,2122.66,0,0
1520,Nombre1520,LIC-EJDE-17,9516,5733.04,3782.96,0,0
1521,Nombre1521,LIC-EJAD-17,11190.8,2608,8582.8,3044.8,2
1522,Nombre1522,LIC-EJDE-17,8336,4585.6,3750.4,0,0
1523,Nombre1523,LIC-EDFI-18,16430.62,10438.02,5992.6,150.08,2
1524,Nombre1524,LIC-EJCO-17,10439,7437.8,3001.2,0,0
1525,Nombre1525,MAE-MADN-15,0,0,0,0,0
1526,Nombre1526,LIC-EJCO-17,9090.35,8412.19,415.52,0,0
1527,Nombre1527,LIC-MEES-18,14348.63,3972.86,10375.77,3681.77,3
1528,Nombre1528,LIC-EJDE-17,8993.45,8718.04,0.01,0,0
1529,Nombre1529,LIC-EJAD-17,8832.3,2373,6459.3,2291.3,2
1530,Nombre1530,LIC-EJAD-17,8762.2,1458.6,7303.6,3239.6,3
1531,Nombre1531,LIC-EJDE-17,347,347,0,0,0
1532,Nombre1532,LIC-EJAD-17,8464,4867.61,3596.39,0,0
1533,Nombre1533,LIC-EJCO-17,8464,4867.61,3596.39,0,0
1534,Nombre1534,LIC-EJDE-17,8963.6,2193,6770.6,2538.6,3
1535,Nombre1535,LIC-EJDE-17,8752,5367,3385,0,0
1536,Nombre1536,LIC-EJAD-17,8633.2,3386.8,5246.4,1860.8,2
1537,Nombre1537,LIC-EJAD-17,8464,4994.52,3469.48,0,0
1538,Nombre1538,LIC-EJCO-17,10024,5706.4,4317.6,0,0
1539,Nombre1539,LIC-EJCO-17,8720.45,3146.21,5574.24,1977.04,2
1540,Nombre1540,LIC-EJDE-17,9598.6,1982,7616.6,3384.6,3
1541,Nombre1541,MAE-EDUC-15,11781.4,10870.56,910.84,323.24,3
1542,Nombre1542,LIC-SYSC-18,14128,13891.07,0.09,0,0
1543,Nombre1543,LIC-SYSC-18,14290,8397.8,5892.2,0,0
1544,Nombre1544,LIC-DSGD-18,14668.72,5549.79,9118.93,3225.93,3
1545,Nombre1545,LIC-CTCO-18,13880.9,3683,10197.9,3617.9,2
1546,Nombre1546,LIC-DERE-18,14677,3780,10897,3857,3
1547,Nombre1547,LIC-EJCO-17,9612.84,5685.84,3927,0,0
1548,Nombre1548,LIC-DSGD-18,13840,13335.8,0.91,0,0
1549,Nombre1549,MAE-DEMP-10,15831.49,6882.59,8948.9,3211.4,3
1550,Nombre1550,LIC-ADME-18,14628,10958.01,3669.99,0,0
1551,Nombre1551,LIC-COFI-18,14290,9713.13,4576.87,0,0
1552,Nombre1552,LIC-DERE-18,14290,9713.13,4576.87,0,0
1553,Nombre1553,MAE-EDUC-15,11972.4,4995,6977.4,2570.4,3
1554,Nombre1554,LIC-EJME-17,347,347,0,0,0
1555,Nombre1555,LIC-EJCO-17,9870.87,5712.87,6510.95,2352.95,4
1556,Nombre1556,MAE-DEMP-10,15793.55,10056.05,5737.5,0,0
1557,Nombre1557,LIC-DERE-18,14290,9713.2,4576.8,0,0
1558,Nombre1558,LIC-EJME-17,9740.5,3107.2,6633.3,2382.9,3
1559,Nombre1559,LIC-EJDE-17,9816,5889.26,3926.74,0,0
1560,Nombre1560,LIC-EJAD-17,9528,5509.21,4018.79,0,0
1561,Nombre1561,LIC-EJAD-17,9887,5267,4620,0,0
1562,Nombre1562,LIC-ADME-18,14210.2,4285.5,9924.7,3521.7,2
1563,Nombre1563,LIC-DERE-18,14290,8068.2,6221.8,0,0
1564,Nombre1564,LIC-COFI-18,13840,7918.82,5921.18,0,0
1565,Nombre1565,LIC-DAEM-15,14290,9713.2,4576.8,0,0
1566,Nombre1566,LIC-COFI-18,14202.2,6943.6,8245.6,2352.6,3
1567,Nombre1567,LIC-DERE-18,14586.1,3239.57,11346.53,5124.53,4
1568,Nombre1568,LIC-COFI-18,14442.77,9536.77,4906,0,0
1569,Nombre1569,LIC-DERE-18,14290,9384.64,4905.36,0,0
1570,Nombre1570,MAE-JUIC-15,-227.5,14346.99,-14574.49,-7688.25,3
1571,Nombre1571,LIC-EJCO-17,9528,6294,3234,0,0
1572,Nombre1572,LIC-DSGD-18,14290,10700.1,3589.9,0,0
1573,Nombre1573,MAE-EDUC-15,11752,11487.79,0,0,0
1574,Nombre1574,LIC-EJDE-17,9689.7,4562.01,5127.69,1893.69,3
1575,Nombre1575,MAE-EDUC-15,11752,7639.6,4112.4,0,0
1576,Nombre1576,LIC-EJCO-17,9689.6,4678,5011.6,1777.6,2
1577,Nombre1577,LIC-DAEM-15,14290,9384.94,4905.06,0,0
1578,Nombre1578,LIC-EJCO-17,9528,6756.18,2771.82,0,0
1579,Nombre1579,LIC-EJAD-17,288,1675,0,0,0
1580,Nombre1580,LIC-EJCO-17,9744.95,4732.46,5012.49,1778.49,2
1581,Nombre1581,LIC-ADME-18,14578,9343.04,5234.96,0,0
1582,Nombre1582,LIC-EJCO-17,9528,5601.01,3926.99,0,0
1583,Nombre1583,MAE-MADN-15,15300,11475.5,3824.5,0,0
1584,Nombre1584,LIC-EJCO-17,9875,6641,3234,0,0
1585,Nombre1585,LIC-EJAD-17,10914,6756.5,4157.5,0,0
1586,Nombre1586,LIC-DSGD-18,14086.8,6254,7832.8,2897.8,3
1587,Nombre1587,LIC-EJDE-17,9528,6525.01,3002.99,0,0
1588,Nombre1588,LIC-DSGD-18,14128,9193,4935,0,0
1589,Nombre1589,LIC-EJCO-17,8340,4796.25,3543.75,0,0
1590,Nombre1590,LIC-EJAD-17,8340,4796.25,3543.75,0,0
1591,Nombre1591,LIC-EJAD-17,8527.6,2711.5,5816.1,2063.1,2
1592,Nombre1592,LIC-DERE-18,14630.71,6867.81,7762.9,2744.9,3
1593,Nombre1593,LIC-EJDE-17,8379.32,5252.07,3127.25,0,0
1594,Nombre1594,LIC-EJAD-17,8340,5421.5,2918.5,0,0
1595,Nombre1595,LIC-EJAD-17,8340,5212.75,3127.25,0,0
1596,Nombre1596,LIC-EJAD-17,8370.25,4617.75,3752.5,0,0
1597,Nombre1597,MAE-JUIC-15,25460,19564,5896,0,0
1598,Nombre1598,LIC-EJDE-17,8340,4170,4170,0,0
1599,Nombre1599,LIC-MEES-18,14180.71,6867.81,7312.9,2594.9,2
1600,Nombre1600,LIC-DERE-18,14630.71,6867.81,7762.9,2744.9,3
1601,Nombre1601,LIC-EJDE-17,8370.25,4826.5,3543.75,0,0
1602,Nombre1602,LIC-EJDE-17,8517.1,3024.25,5492.85,1948.35,2
1603,Nombre1603,LIC-EJDE-17,8340,5421.5,2918.5,0,0
1604,Nombre1604,LIC-DSGD-18,13890,8498,5392,0,0
1605,Nombre1605,LIC-EJDE-17,8400.47,5481.97,2918.5,0,0
1606,Nombre1606,LIC-EJCO-17,60.47,2145.47,-1745,-1745,1
1607,Nombre1607,LIC-EJDE-17,8401.23,4856.73,3544.5,0,0
1608,Nombre1608,LIC-EJAD-17,8540.17,4209.62,4330.55,1536.65,2
1609,Nombre1609,MAE-EDUC-15,19655.86,12067.06,7588.8,2692.8,2
1610,Nombre1610,LIC-ADME-18,14092.2,7824,6268.2,2224.2,2
1611,Nombre1611,LIC-EJDE-17,60.47,2145.47,0,0,0
1612,Nombre1612,LIC-MEES-18,54.81,3834.81,0,0,0
